Workbook

Sheet План недели
A1: План недели и предварительное количество точек | B1: План недели и предварительное количество точек | C1: План недели и предварительное количество точек | D1: План недели и предварительное количество точек | E1: План недели и предварительное количество точек | F1: План недели и предварительное количество точек
A2: Отчётный период: среда включительно — следующая среда исключительно. В среду до штаба сохраняется завершённый период; после штаба укажите его дату в ячейке F4, и план сразу переключится на новый период. В остальные дни период меняется автоматически. | B2: Неделя определяется по понедельнику. Итог учитывает все строки календаря, кроме отменённых. Если у объекта не заполнен POINTS_COUNT, итог будет неполным. | C2: Неделя определяется по понедельнику. Итог учитывает все строки календаря, кроме отменённых. Если у объекта не заполнен POINTS_COUNT, итог будет неполным. | D2: Неделя определяется по понедельнику. Итог учитывает все строки календаря, кроме отменённых. Если у объекта не заполнен POINTS_COUNT, итог будет неполным. | E2: Неделя определяется по понедельнику. Итог учитывает все строки календаря, кроме отменённых. Если у объекта не заполнен POINTS_COUNT, итог будет неполным. | F2: Неделя определяется по понедельнику. Итог учитывает все строки календаря, кроме отменённых. Если у объекта не заполнен POINTS_COUNT, итог будет неполным.
A4: Период с | B4: =TODAY()-MOD(WEEKDAY(TODAY(),2)-3,7)-IF(AND(WEEKDAY(TODAY(),2)=3,$F$4<>TODAY()),7,0) -> 46225 | C4: до (не включая) | D4: =B4+7 -> 46232 | E4: Дата последнего штаба | F4: 46225
A5: После каждого штаба меняйте только жёлтую ячейку F4 на дату проведённого штаба.
A6: Выездов / объектов | C6: Предварительно точек | E6: Без количества точек
A7: =COUNTIFS(Выезды!$B$5:$B$1883,">="&$B$4,Выезды!$B$5:$B$1883,"<"&$D$4,Выезды!$D$5:$D$1883,"<>",Выезды!$G$5:$G$1883,"<>Отменён") -> 7 | C7: =SUMIFS(Выезды!$I$5:$I$1883,Выезды!$B$5:$B$1883,">="&$B$4,Выезды!$B$5:$B$1883,"<"&$D$4,Выезды!$D$5:$D$1883,"<>",Выезды!$G$5:$G$1883,"<>Отменён") -> 1895 | E7: =COUNTIFS(Выезды!$B$5:$B$1883,">="&$B$4,Выезды!$B$5:$B$1883,"<"&$D$4,Выезды!$D$5:$D$1883,"<>",Выезды!$I$5:$I$1883,"",Выезды!$G$5:$G$1883,"<>Отменён") -> 0
A10: Дата | B10: День | C10: Объектов | D10: Точек | E10: Запланировано | F10: Выполнено
A11: =$B$4 -> 46225 | B11: =CHOOSE(WEEKDAY(A11,2),"Пн","Вт","Ср","Чт","Пт","Сб","Вс") -> Ср | C11: =COUNTIFS(Выезды!$B$5:$B$1883,A11,Выезды!$D$5:$D$1883,"<>",Выезды!$G$5:$G$1883,"<>Отменён") -> 2 | D11: =SUMIFS(Выезды!$I$5:$I$1883,Выезды!$B$5:$B$1883,A11,Выезды!$D$5:$D$1883,"<>",Выезды!$G$5:$G$1883,"<>Отменён") -> 351 | E11: =COUNTIFS(Выезды!$B$5:$B$1883,A11,Выезды!$D$5:$D$1883,"<>",Выезды!$G$5:$G$1883,"Запланирован") -> 0 | F11: =COUNTIFS(Выезды!$B$5:$B$1883,A11,Выезды!$D$5:$D$1883,"<>",Выезды!$G$5:$G$1883,"Выполнен") -> 2
A12: =A11+1 -> 46226 | B12: =CHOOSE(WEEKDAY(A12,2),"Пн","Вт","Ср","Чт","Пт","Сб","Вс") -> Чт | C12: =COUNTIFS(Выезды!$B$5:$B$1883,A12,Выезды!$D$5:$D$1883,"<>",Выезды!$G$5:$G$1883,"<>Отменён") -> 1 | D12: =SUMIFS(Выезды!$I$5:$I$1883,Выезды!$B$5:$B$1883,A12,Выезды!$D$5:$D$1883,"<>",Выезды!$G$5:$G$1883,"<>Отменён") -> 526 | E12: =COUNTIFS(Выезды!$B$5:$B$1883,A12,Выезды!$D$5:$D$1883,"<>",Выезды!$G$5:$G$1883,"Запланирован") -> 0 | F12: =COUNTIFS(Выезды!$B$5:$B$1883,A12,Выезды!$D$5:$D$1883,"<>",Выезды!$G$5:$G$1883,"Выполнен") -> 1
A13: =A12+1 -> 46227 | B13: =CHOOSE(WEEKDAY(A13,2),"Пн","Вт","Ср","Чт","Пт","Сб","Вс") -> Пт | C13: =COUNTIFS(Выезды!$B$5:$B$1883,A13,Выезды!$D$5:$D$1883,"<>",Выезды!$G$5:$G$1883,"<>Отменён") -> 1 | D13: =SUMIFS(Выезды!$I$5:$I$1883,Выезды!$B$5:$B$1883,A13,Выезды!$D$5:$D$1883,"<>",Выезды!$G$5:$G$1883,"<>Отменён") -> 151 | E13: =COUNTIFS(Выезды!$B$5:$B$1883,A13,Выезды!$D$5:$D$1883,"<>",Выезды!$G$5:$G$1883,"Запланирован") -> 0 | F13: =COUNTIFS(Выезды!$B$5:$B$1883,A13,Выезды!$D$5:$D$1883,"<>",Выезды!$G$5:$G$1883,"Выполнен") -> 1
A14: =A13+1 -> 46228 | B14: =CHOOSE(WEEKDAY(A14,2),"Пн","Вт","Ср","Чт","Пт","Сб","Вс") -> Сб | C14: =COUNTIFS(Выезды!$B$5:$B$1883,A14,Выезды!$D$5:$D$1883,"<>",Выезды!$G$5:$G$1883,"<>Отменён") -> 0 | D14: =SUMIFS(Выезды!$I$5:$I$1883,Выезды!$B$5:$B$1883,A14,Выезды!$D$5:$D$1883,"<>",Выезды!$G$5:$G$1883,"<>Отменён") -> 0 | E14: =COUNTIFS(Выезды!$B$5:$B$1883,A14,Выезды!$D$5:$D$1883,"<>",Выезды!$G$5:$G$1883,"Запланирован") -> 0 | F14: =COUNTIFS(Выезды!$B$5:$B$1883,A14,Выезды!$D$5:$D$1883,"<>",Выезды!$G$5:$G$1883,"Выполнен") -> 0
A15: =A14+1 -> 46229 | B15: =CHOOSE(WEEKDAY(A15,2),"Пн","Вт","Ср","Чт","Пт","Сб","Вс") -> Вс | C15: =COUNTIFS(Выезды!$B$5:$B$1883,A15,Выезды!$D$5:$D$1883,"<>",Выезды!$G$5:$G$1883,"<>Отменён") -> 0 | D15: =SUMIFS(Выезды!$I$5:$I$1883,Выезды!$B$5:$B$1883,A15,Выезды!$D$5:$D$1883,"<>",Выезды!$G$5:$G$1883,"<>Отменён") -> 0 | E15: =COUNTIFS(Выезды!$B$5:$B$1883,A15,Выезды!$D$5:$D$1883,"<>",Выезды!$G$5:$G$1883,"Запланирован") -> 0 | F15: =COUNTIFS(Выезды!$B$5:$B$1883,A15,Выезды!$D$5:$D$1883,"<>",Выезды!$G$5:$G$1883,"Выполнен") -> 0
A16: =A15+1 -> 46230 | B16: =CHOOSE(WEEKDAY(A16,2),"Пн","Вт","Ср","Чт","Пт","Сб","Вс") -> Пн | C16: =COUNTIFS(Выезды!$B$5:$B$1883,A16,Выезды!$D$5:$D$1883,"<>",Выезды!$G$5:$G$1883,"<>Отменён") -> 2 | D16: =SUMIFS(Выезды!$I$5:$I$1883,Выезды!$B$5:$B$1883,A16,Выезды!$D$5:$D$1883,"<>",Выезды!$G$5:$G$1883,"<>Отменён") -> 501 | E16: =COUNTIFS(Выезды!$B$5:$B$1883,A16,Выезды!$D$5:$D$1883,"<>",Выезды!$G$5:$G$1883,"Запланирован") -> 2 | F16: =COUNTIFS(Выезды!$B$5:$B$1883,A16,Выезды!$D$5:$D$1883,"<>",Выезды!$G$5:$G$1883,"Выполнен") -> 0
A17: =A16+1 -> 46231 | B17: =CHOOSE(WEEKDAY(A17,2),"Пн","Вт","Ср","Чт","Пт","Сб","Вс") -> Вт | C17: =COUNTIFS(Выезды!$B$5:$B$1883,A17,Выезды!$D$5:$D$1883,"<>",Выезды!$G$5:$G$1883,"<>Отменён") -> 1 | D17: =SUMIFS(Выезды!$I$5:$I$1883,Выезды!$B$5:$B$1883,A17,Выезды!$D$5:$D$1883,"<>",Выезды!$G$5:$G$1883,"<>Отменён") -> 366 | E17: =COUNTIFS(Выезды!$B$5:$B$1883,A17,Выезды!$D$5:$D$1883,"<>",Выезды!$G$5:$G$1883,"Запланирован") -> 1 | F17: =COUNTIFS(Выезды!$B$5:$B$1883,A17,Выезды!$D$5:$D$1883,"<>",Выезды!$G$5:$G$1883,"Выполнен") -> 0
A20: Контроль заполнения
A21: Объекты без количества точек | B21: =COUNTIF(Объекты!$B$5:$B$200,"<>")-COUNT(Объекты!$C$5:$C$200) -> 0 | C21: Заполните жёлтый столбец «Количество точек» на листе «Объекты»
A22: Объекты без ALBUM_URL | B22: =COUNTIFS(Объекты!$B$5:$B$200,"<>",Объекты!$J$5:$J$200,"") -> 0 | C22: Проверьте публичную ссылку на альбом
A23: Строки календаря без сотрудника | B23: =COUNTIFS(Выезды!$B$5:$B$1883,">="&$B$4,Выезды!$B$5:$B$1883,"<"&$D$4,Выезды!$D$5:$D$1883,"<>",Выезды!$E$5:$E$1883,"",Выезды!$G$5:$G$1883,"<>Отменён") -> 0 | C23: Выберите сотрудника в календаре
A24: Строки календаря без статуса | B24: =COUNTIFS(Выезды!$B$5:$B$1883,">="&$B$4,Выезды!$B$5:$B$1883,"<"&$D$4,Выезды!$D$5:$D$1883,"<>",Выезды!$G$5:$G$1883,"") -> 0 | C24: Выберите статус в календаре
A27: Объекты отчётного периода
A28: Дата | B28: Объект | C28: Сотрудник | D28: Статус | E28: Количество точек | F28: Итог
A29: {=IFERROR(INDEX(Выезды!$B$5:$B$1883,MATCH(ROW()-28,Выезды!$K$5:$K$1883,0)),"")} -> 46225 | B29: {=IFERROR(INDEX(Выезды!$D$5:$D$1883,MATCH(ROW()-28,Выезды!$K$5:$K$1883,0)),"")} -> ст. Бульвар Генерала Карбышева | C29: {=IFERROR(INDEX(Выезды!$E$5:$E$1883,MATCH(ROW()-28,Выезды!$K$5:$K$1883,0)),"")} -> Струков Д.М. | D29: {=IFERROR(INDEX(Выезды!$G$5:$G$1883,MATCH(ROW()-28,Выезды!$K$5:$K$1883,0)),"")} -> Выполнен | E29: {=IFERROR(INDEX(Выезды!$I$5:$I$1883,MATCH(ROW()-28,Выезды!$K$5:$K$1883,0)),"")} -> 200 | F29: =SUM(E29:E59) -> 1895
A30: {=IFERROR(INDEX(Выезды!$B$5:$B$1883,MATCH(ROW()-28,Выезды!$K$5:$K$1883,0)),"")} -> 46225 | B30: {=IFERROR(INDEX(Выезды!$D$5:$D$1883,MATCH(ROW()-28,Выезды!$K$5:$K$1883,0)),"")} -> Ситуационный центр | C30: {=IFERROR(INDEX(Выезды!$E$5:$E$1883,MATCH(ROW()-28,Выезды!$K$5:$K$1883,0)),"")} -> Сафонов М.С. | D30: {=IFERROR(INDEX(Выезды!$G$5:$G$1883,MATCH(ROW()-28,Выезды!$K$5:$K$1883,0)),"")} -> Выполнен | E30: {=IFERROR(INDEX(Выезды!$I$5:$I$1883,MATCH(ROW()-28,Выезды!$K$5:$K$1883,0)),"")} -> 151
A31: {=IFERROR(INDEX(Выезды!$B$5:$B$1883,MATCH(ROW()-28,Выезды!$K$5:$K$1883,0)),"")} -> 46226 | B31: {=IFERROR(INDEX(Выезды!$D$5:$D$1883,MATCH(ROW()-28,Выезды!$K$5:$K$1883,0)),"")} -> ст. Новорижская | C31: {=IFERROR(INDEX(Выезды!$E$5:$E$1883,MATCH(ROW()-28,Выезды!$K$5:$K$1883,0)),"")} -> Сафонов М.С. | D31: {=IFERROR(INDEX(Выезды!$G$5:$G$1883,MATCH(ROW()-28,Выезды!$K$5:$K$1883,0)),"")} -> Выполнен | E31: {=IFERROR(INDEX(Выезды!$I$5:$I$1883,MATCH(ROW()-28,Выезды!$K$5:$K$1883,0)),"")} -> 526
A32: {=IFERROR(INDEX(Выезды!$B$5:$B$1883,MATCH(ROW()-28,Выезды!$K$5:$K$1883,0)),"")} -> 46227 | B32: {=IFERROR(INDEX(Выезды!$D$5:$D$1883,MATCH(ROW()-28,Выезды!$K$5:$K$1883,0)),"")} -> Ситуационный центр | C32: {=IFERROR(INDEX(Выезды!$E$5:$E$1883,MATCH(ROW()-28,Выезды!$K$5:$K$1883,0)),"")} -> Сафонов М.С. | D32: {=IFERROR(INDEX(Выезды!$G$5:$G$1883,MATCH(ROW()-28,Выезды!$K$5:$K$1883,0)),"")} -> Выполнен | E32: {=IFERROR(INDEX(Выезды!$I$5:$I$1883,MATCH(ROW()-28,Выезды!$K$5:$K$1883,0)),"")} -> 151
A33: {=IFERROR(INDEX(Выезды!$B$5:$B$1883,MATCH(ROW()-28,Выезды!$K$5:$K$1883,0)),"")} -> 46230 | B33: {=IFERROR(INDEX(Выезды!$D$5:$D$1883,MATCH(ROW()-28,Выезды!$K$5:$K$1883,0)),"")} -> Ситуационный центр | C33: {=IFERROR(INDEX(Выезды!$E$5:$E$1883,MATCH(ROW()-28,Выезды!$K$5:$K$1883,0)),"")} -> Сафонов М.С. | D33: {=IFERROR(INDEX(Выезды!$G$5:$G$1883,MATCH(ROW()-28,Выезды!$K$5:$K$1883,0)),"")} -> Запланирован | E33: {=IFERROR(INDEX(Выезды!$I$5:$I$1883,MATCH(ROW()-28,Выезды!$K$5:$K$1883,0)),"")} -> 151
A34: {=IFERROR(INDEX(Выезды!$B$5:$B$1883,MATCH(ROW()-28,Выезды!$K$5:$K$1883,0)),"")} -> 46230 | B34: {=IFERROR(INDEX(Выезды!$D$5:$D$1883,MATCH(ROW()-28,Выезды!$K$5:$K$1883,0)),"")} -> ст. Липовая Роща | C34: {=IFERROR(INDEX(Выезды!$E$5:$E$1883,MATCH(ROW()-28,Выезды!$K$5:$K$1883,0)),"")} -> Сафонов М.С. | D34: {=IFERROR(INDEX(Выезды!$G$5:$G$1883,MATCH(ROW()-28,Выезды!$K$5:$K$1883,0)),"")} -> Запланирован | E34: {=IFERROR(INDEX(Выезды!$I$5:$I$1883,MATCH(ROW()-28,Выезды!$K$5:$K$1883,0)),"")} -> 350
A35: {=IFERROR(INDEX(Выезды!$B$5:$B$1883,MATCH(ROW()-28,Выезды!$K$5:$K$1883,0)),"")} -> 46231 | B35: {=IFERROR(INDEX(Выезды!$D$5:$D$1883,MATCH(ROW()-28,Выезды!$K$5:$K$1883,0)),"")} -> ст. Звенигородская | C35: {=IFERROR(INDEX(Выезды!$E$5:$E$1883,MATCH(ROW()-28,Выезды!$K$5:$K$1883,0)),"")} -> Сафонов М.С. | D35: {=IFERROR(INDEX(Выезды!$G$5:$G$1883,MATCH(ROW()-28,Выезды!$K$5:$K$1883,0)),"")} -> Запланирован | E35: {=IFERROR(INDEX(Выезды!$I$5:$I$1883,MATCH(ROW()-28,Выезды!$K$5:$K$1883,0)),"")} -> 366
A36: {=IFERROR(INDEX(Выезды!$B$5:$B$1883,MATCH(ROW()-28,Выезды!$K$5:$K$1883,0)),"")} | B36: {=IFERROR(INDEX(Выезды!$D$5:$D$1883,MATCH(ROW()-28,Выезды!$K$5:$K$1883,0)),"")} | C36: {=IFERROR(INDEX(Выезды!$E$5:$E$1883,MATCH(ROW()-28,Выезды!$K$5:$K$1883,0)),"")} | D36: {=IFERROR(INDEX(Выезды!$G$5:$G$1883,MATCH(ROW()-28,Выезды!$K$5:$K$1883,0)),"")} | E36: {=IFERROR(INDEX(Выезды!$I$5:$I$1883,MATCH(ROW()-28,Выезды!$K$5:$K$1883,0)),"")}
A37: {=IFERROR(INDEX(Выезды!$B$5:$B$1883,MATCH(ROW()-28,Выезды!$K$5:$K$1883,0)),"")} | B37: {=IFERROR(INDEX(Выезды!$D$5:$D$1883,MATCH(ROW()-28,Выезды!$K$5:$K$1883,0)),"")} | C37: {=IFERROR(INDEX(Выезды!$E$5:$E$1883,MATCH(ROW()-28,Выезды!$K$5:$K$1883,0)),"")} | D37: {=IFERROR(INDEX(Выезды!$G$5:$G$1883,MATCH(ROW()-28,Выезды!$K$5:$K$1883,0)),"")} | E37: {=IFERROR(INDEX(Выезды!$I$5:$I$1883,MATCH(ROW()-28,Выезды!$K$5:$K$1883,0)),"")}
A38: {=IFERROR(INDEX(Выезды!$B$5:$B$1883,MATCH(ROW()-28,Выезды!$K$5:$K$1883,0)),"")} | B38: {=IFERROR(INDEX(Выезды!$D$5:$D$1883,MATCH(ROW()-28,Выезды!$K$5:$K$1883,0)),"")} | C38: {=IFERROR(INDEX(Выезды!$E$5:$E$1883,MATCH(ROW()-28,Выезды!$K$5:$K$1883,0)),"")} | D38: {=IFERROR(INDEX(Выезды!$G$5:$G$1883,MATCH(ROW()-28,Выезды!$K$5:$K$1883,0)),"")} | E38: {=IFERROR(INDEX(Выезды!$I$5:$I$1883,MATCH(ROW()-28,Выезды!$K$5:$K$1883,0)),"")}
A39: {=IFERROR(INDEX(Выезды!$B$5:$B$1883,MATCH(ROW()-28,Выезды!$K$5:$K$1883,0)),"")} | B39: {=IFERROR(INDEX(Выезды!$D$5:$D$1883,MATCH(ROW()-28,Выезды!$K$5:$K$1883,0)),"")} | C39: {=IFERROR(INDEX(Выезды!$E$5:$E$1883,MATCH(ROW()-28,Выезды!$K$5:$K$1883,0)),"")} | D39: {=IFERROR(INDEX(Выезды!$G$5:$G$1883,MATCH(ROW()-28,Выезды!$K$5:$K$1883,0)),"")} | E39: {=IFERROR(INDEX(Выезды!$I$5:$I$1883,MATCH(ROW()-28,Выезды!$K$5:$K$1883,0)),"")}
A40: {=IFERROR(INDEX(Выезды!$B$5:$B$1883,MATCH(ROW()-28,Выезды!$K$5:$K$1883,0)),"")} | B40: {=IFERROR(INDEX(Выезды!$D$5:$D$1883,MATCH(ROW()-28,Выезды!$K$5:$K$1883,0)),"")} | C40: {=IFERROR(INDEX(Выезды!$E$5:$E$1883,MATCH(ROW()-28,Выезды!$K$5:$K$1883,0)),"")} | D40: {=IFERROR(INDEX(Выезды!$G$5:$G$1883,MATCH(ROW()-28,Выезды!$K$5:$K$1883,0)),"")} | E40: {=IFERROR(INDEX(Выезды!$I$5:$I$1883,MATCH(ROW()-28,Выезды!$K$5:$K$1883,0)),"")}
A41: {=IFERROR(INDEX(Выезды!$B$5:$B$1883,MATCH(ROW()-28,Выезды!$K$5:$K$1883,0)),"")} | B41: {=IFERROR(INDEX(Выезды!$D$5:$D$1883,MATCH(ROW()-28,Выезды!$K$5:$K$1883,0)),"")} | C41: {=IFERROR(INDEX(Выезды!$E$5:$E$1883,MATCH(ROW()-28,Выезды!$K$5:$K$1883,0)),"")} | D41: {=IFERROR(INDEX(Выезды!$G$5:$G$1883,MATCH(ROW()-28,Выезды!$K$5:$K$1883,0)),"")} | E41: {=IFERROR(INDEX(Выезды!$I$5:$I$1883,MATCH(ROW()-28,Выезды!$K$5:$K$1883,0)),"")}
... A59: {=IFERROR(INDEX(Выезды!$B$5:$B$1883,MATCH(ROW()-28,Выезды!$K$5:$K$1883,0)),"")} | B59: {=IFERROR(INDEX(Выезды!$D$5:$D$1883,MATCH(ROW()-28,Выезды!$K$5:$K$1883,0)),"")} | C59: {=IFERROR(INDEX(Выезды!$E$5:$E$1883,MATCH(ROW()-28,Выезды!$K$5:$K$1883,0)),"")} | D59: {=IFERROR(INDEX(Выезды!$G$5:$G$1883,MATCH(ROW()-28,Выезды!$K$5:$K$1883,0)),"")} | E59: {=IFERROR(INDEX(Выезды!$I$5:$I$1883,MATCH(ROW()-28,Выезды!$K$5:$K$1883,0)),"")}

Sheet Выезды
A1: Календарь выездов | B1: Календарь выездов | C1: Календарь выездов | D1: Календарь выездов | E1: Календарь выездов | F1: Календарь выездов | G1: Календарь выездов | H1: Календарь выездов | I1: Календарь выездов | J1: Календарь выездов
A2: Одна подготовленная строка на каждую дату с 01.01.2026 по 31.12.2030. Если в день несколько выездов, вставьте новую строку внутри таблицы сразу после нужной даты и повторите VISIT_DATE. VISIT_ID, день недели, количество точек и отчётный период рассчитываются автоматически; новая строка попадёт в статистику. | B2: Одна строка — один объект в один день. Чтобы добавить несколько объектов в один выезд, добавьте несколько строк с одинаковой датой и сотрудником. POINTS_COUNT и WEEK_START рассчитываются автоматически. | C2: Одна строка — один объект в один день. Чтобы добавить несколько объектов в один выезд, добавьте несколько строк с одинаковой датой и сотрудником. POINTS_COUNT и WEEK_START рассчитываются автоматически. | D2: Одна строка — один объект в один день. Чтобы добавить несколько объектов в один выезд, добавьте несколько строк с одинаковой датой и сотрудником. POINTS_COUNT и WEEK_START рассчитываются автоматически. | E2: Одна строка — один объект в один день. Чтобы добавить несколько объектов в один выезд, добавьте несколько строк с одинаковой датой и сотрудником. POINTS_COUNT и WEEK_START рассчитываются автоматически. | F2: Одна строка — один объект в один день. Чтобы добавить несколько объектов в один выезд, добавьте несколько строк с одинаковой датой и сотрудником. POINTS_COUNT и WEEK_START рассчитываются автоматически. | G2: Одна строка — один объект в один день. Чтобы добавить несколько объектов в один выезд, добавьте несколько строк с одинаковой датой и сотрудником. POINTS_COUNT и WEEK_START рассчитываются автоматически. | H2: Одна строка — один объект в один день. Чтобы добавить несколько объектов в один выезд, добавьте несколько строк с одинаковой датой и сотрудником. POINTS_COUNT и WEEK_START рассчитываются автоматически. | I2: Одна строка — один объект в один день. Чтобы добавить несколько объектов в один выезд, добавьте несколько строк с одинаковой датой и сотрудником. POINTS_COUNT и WEEK_START рассчитываются автоматически. | J2: Одна строка — один объект в один день. Чтобы добавить несколько объектов в один выезд, добавьте несколько строк с одинаковой датой и сотрудником. POINTS_COUNT и WEEK_START рассчитываются автоматически.
A4: VISIT_ID | B4: VISIT_DATE | C4: День недели | D4: OBJECTS | E4: EMPLOYEE | F4: WORK_TYPE | G4: STATUS | H4: COMMENT | I4: Количество точек | J4: Начало отчётного периода | K4: № в текущем периоде
A5: =IF(B5="","","VIS_"&(YEAR(B5)*10000+MONTH(B5)*100+DAY(B5))&"_"&IF(COUNTIF($B$5:B5,B5)<10,"00"&COUNTIF($B$5:B5,B5),IF(COUNTIF($B$5:B5,B5)<100,"0"&COUNTIF($B$5:B5,B5),COUNTIF($B$5:B5,B5)))) -> VIS_20260101_001 | B5: 46023 | C5: =IF(B5="","",CHOOSE(WEEKDAY(B5,2),"Пн","Вт","Ср","Чт","Пт","Сб","Вс")) -> Чт | J5: =IF(B5="","",B5-MOD(WEEKDAY(B5,2)-3,7)) -> 46022 | K5: =IF(AND(B5>='План недели'!$B$4,B5<'План недели'!$D$4,D5<>"",G5<>"Отменён"),COUNTIFS($B$5:B5,">="&'План недели'!$B$4,$B$5:B5,"<"&'План недели'!$D$4,$D$5:D5,"<>",$G$5:G5,"<>Отменён"),"")
A6: =IF(B6="","","VIS_"&(YEAR(B6)*10000+MONTH(B6)*100+DAY(B6))&"_"&IF(COUNTIF($B$5:B6,B6)<10,"00"&COUNTIF($B$5:B6,B6),IF(COUNTIF($B$5:B6,B6)<100,"0"&COUNTIF($B$5:B6,B6),COUNTIF($B$5:B6,B6)))) -> VIS_20260102_001 | B6: 46024 | C6: =IF(B6="","",CHOOSE(WEEKDAY(B6,2),"Пн","Вт","Ср","Чт","Пт","Сб","Вс")) -> Пт | J6: =IF(B6="","",B6-MOD(WEEKDAY(B6,2)-3,7)) -> 46022 | K6: =IF(AND(B6>='План недели'!$B$4,B6<'План недели'!$D$4,D6<>"",G6<>"Отменён"),COUNTIFS($B$5:B6,">="&'План недели'!$B$4,$B$5:B6,"<"&'План недели'!$D$4,$D$5:D6,"<>",$G$5:G6,"<>Отменён"),"")
A7: =IF(B7="","","VIS_"&(YEAR(B7)*10000+MONTH(B7)*100+DAY(B7))&"_"&IF(COUNTIF($B$5:B7,B7)<10,"00"&COUNTIF($B$5:B7,B7),IF(COUNTIF($B$5:B7,B7)<100,"0"&COUNTIF($B$5:B7,B7),COUNTIF($B$5:B7,B7)))) -> VIS_20260103_001 | B7: 46025 | C7: =IF(B7="","",CHOOSE(WEEKDAY(B7,2),"Пн","Вт","Ср","Чт","Пт","Сб","Вс")) -> Сб | J7: =IF(B7="","",B7-MOD(WEEKDAY(B7,2)-3,7)) -> 46022 | K7: =IF(AND(B7>='План недели'!$B$4,B7<'План недели'!$D$4,D7<>"",G7<>"Отменён"),COUNTIFS($B$5:B7,">="&'План недели'!$B$4,$B$5:B7,"<"&'План недели'!$D$4,$D$5:D7,"<>",$G$5:G7,"<>Отменён"),"")
A8: =IF(B8="","","VIS_"&(YEAR(B8)*10000+MONTH(B8)*100+DAY(B8))&"_"&IF(COUNTIF($B$5:B8,B8)<10,"00"&COUNTIF($B$5:B8,B8),IF(COUNTIF($B$5:B8,B8)<100,"0"&COUNTIF($B$5:B8,B8),COUNTIF($B$5:B8,B8)))) -> VIS_20260104_001 | B8: 46026 | C8: =IF(B8="","",CHOOSE(WEEKDAY(B8,2),"Пн","Вт","Ср","Чт","Пт","Сб","Вс")) -> Вс | J8: =IF(B8="","",B8-MOD(WEEKDAY(B8,2)-3,7)) -> 46022 | K8: =IF(AND(B8>='План недели'!$B$4,B8<'План недели'!$D$4,D8<>"",G8<>"Отменён"),COUNTIFS($B$5:B8,">="&'План недели'!$B$4,$B$5:B8,"<"&'План недели'!$D$4,$D$5:D8,"<>",$G$5:G8,"<>Отменён"),"")
A9: =IF(B9="","","VIS_"&(YEAR(B9)*10000+MONTH(B9)*100+DAY(B9))&"_"&IF(COUNTIF($B$5:B9,B9)<10,"00"&COUNTIF($B$5:B9,B9),IF(COUNTIF($B$5:B9,B9)<100,"0"&COUNTIF($B$5:B9,B9),COUNTIF($B$5:B9,B9)))) -> VIS_20260105_001 | B9: 46027 | C9: =IF(B9="","",CHOOSE(WEEKDAY(B9,2),"Пн","Вт","Ср","Чт","Пт","Сб","Вс")) -> Пн | J9: =IF(B9="","",B9-MOD(WEEKDAY(B9,2)-3,7)) -> 46022 | K9: =IF(AND(B9>='План недели'!$B$4,B9<'План недели'!$D$4,D9<>"",G9<>"Отменён"),COUNTIFS($B$5:B9,">="&'План недели'!$B$4,$B$5:B9,"<"&'План недели'!$D$4,$D$5:D9,"<>",$G$5:G9,"<>Отменён"),"")
A10: =IF(B10="","","VIS_"&(YEAR(B10)*10000+MONTH(B10)*100+DAY(B10))&"_"&IF(COUNTIF($B$5:B10,B10)<10,"00"&COUNTIF($B$5:B10,B10),IF(COUNTIF($B$5:B10,B10)<100,"0"&COUNTIF($B$5:B10,B10),COUNTIF($B$5:B10,B10)))) -> VIS_20260106_001 | B10: 46028 | C10: =IF(B10="","",CHOOSE(WEEKDAY(B10,2),"Пн","Вт","Ср","Чт","Пт","Сб","Вс")) -> Вт | J10: =IF(B10="","",B10-MOD(WEEKDAY(B10,2)-3,7)) -> 46022 | K10: =IF(AND(B10>='План недели'!$B$4,B10<'План недели'!$D$4,D10<>"",G10<>"Отменён"),COUNTIFS($B$5:B10,">="&'План недели'!$B$4,$B$5:B10,"<"&'План недели'!$D$4,$D$5:D10,"<>",$G$5:G10,"<>Отменён"),"")
A11: =IF(B11="","","VIS_"&(YEAR(B11)*10000+MONTH(B11)*100+DAY(B11))&"_"&IF(COUNTIF($B$5:B11,B11)<10,"00"&COUNTIF($B$5:B11,B11),IF(COUNTIF($B$5:B11,B11)<100,"0"&COUNTIF($B$5:B11,B11),COUNTIF($B$5:B11,B11)))) -> VIS_20260107_001 | B11: 46029 | C11: =IF(B11="","",CHOOSE(WEEKDAY(B11,2),"Пн","Вт","Ср","Чт","Пт","Сб","Вс")) -> Ср | J11: =IF(B11="","",B11-MOD(WEEKDAY(B11,2)-3,7)) -> 46029 | K11: =IF(AND(B11>='План недели'!$B$4,B11<'План недели'!$D$4,D11<>"",G11<>"Отменён"),COUNTIFS($B$5:B11,">="&'План недели'!$B$4,$B$5:B11,"<"&'План недели'!$D$4,$D$5:D11,"<>",$G$5:G11,"<>Отменён"),"")
A12: =IF(B12="","","VIS_"&(YEAR(B12)*10000+MONTH(B12)*100+DAY(B12))&"_"&IF(COUNTIF($B$5:B12,B12)<10,"00"&COUNTIF($B$5:B12,B12),IF(COUNTIF($B$5:B12,B12)<100,"0"&COUNTIF($B$5:B12,B12),COUNTIF($B$5:B12,B12)))) -> VIS_20260108_001 | B12: 46030 | C12: =IF(B12="","",CHOOSE(WEEKDAY(B12,2),"Пн","Вт","Ср","Чт","Пт","Сб","Вс")) -> Чт | J12: =IF(B12="","",B12-MOD(WEEKDAY(B12,2)-3,7)) -> 46029 | K12: =IF(AND(B12>='План недели'!$B$4,B12<'План недели'!$D$4,D12<>"",G12<>"Отменён"),COUNTIFS($B$5:B12,">="&'План недели'!$B$4,$B$5:B12,"<"&'План недели'!$D$4,$D$5:D12,"<>",$G$5:G12,"<>Отменён"),"")
A13: =IF(B13="","","VIS_"&(YEAR(B13)*10000+MONTH(B13)*100+DAY(B13))&"_"&IF(COUNTIF($B$5:B13,B13)<10,"00"&COUNTIF($B$5:B13,B13),IF(COUNTIF($B$5:B13,B13)<100,"0"&COUNTIF($B$5:B13,B13),COUNTIF($B$5:B13,B13)))) -> VIS_20260109_001 | B13: 46031 | C13: =IF(B13="","",CHOOSE(WEEKDAY(B13,2),"Пн","Вт","Ср","Чт","Пт","Сб","Вс")) -> Пт | J13: =IF(B13="","",B13-MOD(WEEKDAY(B13,2)-3,7)) -> 46029 | K13: =IF(AND(B13>='План недели'!$B$4,B13<'План недели'!$D$4,D13<>"",G13<>"Отменён"),COUNTIFS($B$5:B13,">="&'План недели'!$B$4,$B$5:B13,"<"&'План недели'!$D$4,$D$5:D13,"<>",$G$5:G13,"<>Отменён"),"")
A14: =IF(B14="","","VIS_"&(YEAR(B14)*10000+MONTH(B14)*100+DAY(B14))&"_"&IF(COUNTIF($B$5:B14,B14)<10,"00"&COUNTIF($B$5:B14,B14),IF(COUNTIF($B$5:B14,B14)<100,"0"&COUNTIF($B$5:B14,B14),COUNTIF($B$5:B14,B14)))) -> VIS_20260110_001 | B14: 46032 | C14: =IF(B14="","",CHOOSE(WEEKDAY(B14,2),"Пн","Вт","Ср","Чт","Пт","Сб","Вс")) -> Сб | J14: =IF(B14="","",B14-MOD(WEEKDAY(B14,2)-3,7)) -> 46029 | K14: =IF(AND(B14>='План недели'!$B$4,B14<'План недели'!$D$4,D14<>"",G14<>"Отменён"),COUNTIFS($B$5:B14,">="&'План недели'!$B$4,$B$5:B14,"<"&'План недели'!$D$4,$D$5:D14,"<>",$G$5:G14,"<>Отменён"),"")
A15: =IF(B15="","","VIS_"&(YEAR(B15)*10000+MONTH(B15)*100+DAY(B15))&"_"&IF(COUNTIF($B$5:B15,B15)<10,"00"&COUNTIF($B$5:B15,B15),IF(COUNTIF($B$5:B15,B15)<100,"0"&COUNTIF($B$5:B15,B15),COUNTIF($B$5:B15,B15)))) -> VIS_20260111_001 | B15: 46033 | C15: =IF(B15="","",CHOOSE(WEEKDAY(B15,2),"Пн","Вт","Ср","Чт","Пт","Сб","Вс")) -> Вс | J15: =IF(B15="","",B15-MOD(WEEKDAY(B15,2)-3,7)) -> 46029 | K15: =IF(AND(B15>='План недели'!$B$4,B15<'План недели'!$D$4,D15<>"",G15<>"Отменён"),COUNTIFS($B$5:B15,">="&'План недели'!$B$4,$B$5:B15,"<"&'План недели'!$D$4,$D$5:D15,"<>",$G$5:G15,"<>Отменён"),"")
A16: =IF(B16="","","VIS_"&(YEAR(B16)*10000+MONTH(B16)*100+DAY(B16))&"_"&IF(COUNTIF($B$5:B16,B16)<10,"00"&COUNTIF($B$5:B16,B16),IF(COUNTIF($B$5:B16,B16)<100,"0"&COUNTIF($B$5:B16,B16),COUNTIF($B$5:B16,B16)))) -> VIS_20260112_001 | B16: 46034 | C16: =IF(B16="","",CHOOSE(WEEKDAY(B16,2),"Пн","Вт","Ср","Чт","Пт","Сб","Вс")) -> Пн | J16: =IF(B16="","",B16-MOD(WEEKDAY(B16,2)-3,7)) -> 46029 | K16: =IF(AND(B16>='План недели'!$B$4,B16<'План недели'!$D$4,D16<>"",G16<>"Отменён"),COUNTIFS($B$5:B16,">="&'План недели'!$B$4,$B$5:B16,"<"&'План недели'!$D$4,$D$5:D16,"<>",$G$5:G16,"<>Отменён"),"")
... A106: =IF(B106="","","VIS_"&(YEAR(B106)*10000+MONTH(B106)*100+DAY(B106))&"_"&IF(COUNTIF($B$5:B106,B106)<10,"00"&COUNTIF($B$5:B106,B106),IF(COUNTIF($B$5:B106,B106)<100,"0"&COUNTIF($B$5:B106,B106),COUNTIF($B$5:B106,B106)))) -> VIS_20260412_001 | B106: 46124 | C106: =IF(B106="","",CHOOSE(WEEKDAY(B106,2),"Пн","Вт","Ср","Чт","Пт","Сб","Вс")) -> Вс | J106: =IF(B106="","",B106-MOD(WEEKDAY(B106,2)-3,7)) -> 46120 | K106: =IF(AND(B106>='План недели'!$B$4,B106<'План недели'!$D$4,D106<>"",G106<>"Отменён"),COUNTIFS($B$5:B106,">="&'План недели'!$B$4,$B$5:B106,"<"&'План недели'!$D$4,$D$5:D106,"<>",$G$5:G106,"<>Отменён"),"")
A107: =IF(B107="","","VIS_"&(YEAR(B107)*10000+MONTH(B107)*100+DAY(B107))&"_"&IF(COUNTIF($B$5:B107,B107)<10,"00"&COUNTIF($B$5:B107,B107),IF(COUNTIF($B$5:B107,B107)<100,"0"&COUNTIF($B$5:B107,B107),COUNTIF($B$5:B107,B107)))) -> VIS_20260413_001 | B107: 46125 | C107: =IF(B107="","",CHOOSE(WEEKDAY(B107,2),"Пн","Вт","Ср","Чт","Пт","Сб","Вс")) -> Пн | D107: Ленинградский вокзал | E107: Струков Д.М. | F107: Фотопанорамная съёмка | G107: Выполнен | I107: 557 | J107: =IF(B107="","",B107-MOD(WEEKDAY(B107,2)-3,7)) -> 46120 | K107: =IF(AND(B107>='План недели'!$B$4,B107<'План недели'!$D$4,D107<>"",G107<>"Отменён"),COUNTIFS($B$5:B107,">="&'План недели'!$B$4,$B$5:B107,"<"&'План недели'!$D$4,$D$5:D107,"<>",$G$5:G107,"<>Отменён"),"")
A108: =IF(B108="","","VIS_"&(YEAR(B108)*10000+MONTH(B108)*100+DAY(B108))&"_"&IF(COUNTIF($B$5:B108,B108)<10,"00"&COUNTIF($B$5:B108,B108),IF(COUNTIF($B$5:B108,B108)<100,"0"&COUNTIF($B$5:B108,B108),COUNTIF($B$5:B108,B108)))) -> VIS_20260414_001 | B108: 46126 | C108: =IF(B108="","",CHOOSE(WEEKDAY(B108,2),"Пн","Вт","Ср","Чт","Пт","Сб","Вс")) -> Вт | D108: ст. Карамышевская | E108: Струков Д.М. | F108: Фотопанорамная съёмка | G108: Выполнен | I108: 445 | J108: =IF(B108="","",B108-MOD(WEEKDAY(B108,2)-3,7)) -> 46120 | K108: =IF(AND(B108>='План недели'!$B$4,B108<'План недели'!$D$4,D108<>"",G108<>"Отменён"),COUNTIFS($B$5:B108,">="&'План недели'!$B$4,$B$5:B108,"<"&'План недели'!$D$4,$D$5:D108,"<>",$G$5:G108,"<>Отменён"),"")
A109: =IF(B109="","","VIS_"&(YEAR(B109)*10000+MONTH(B109)*100+DAY(B109))&"_"&IF(COUNTIF($B$5:B109,B109)<10,"00"&COUNTIF($B$5:B109,B109),IF(COUNTIF($B$5:B109,B109)<100,"0"&COUNTIF($B$5:B109,B109),COUNTIF($B$5:B109,B109)))) -> VIS_20260415_001 | B109: 46127 | C109: =IF(B109="","",CHOOSE(WEEKDAY(B109,2),"Пн","Вт","Ср","Чт","Пт","Сб","Вс")) -> Ср | D109: Ленинградский вокзал | E109: Струков Д.М. | F109: Фотопанорамная съёмка | G109: Выполнен | I109: 557 | J109: =IF(B109="","",B109-MOD(WEEKDAY(B109,2)-3,7)) -> 46127 | K109: =IF(AND(B109>='План недели'!$B$4,B109<'План недели'!$D$4,D109<>"",G109<>"Отменён"),COUNTIFS($B$5:B109,">="&'План недели'!$B$4,$B$5:B109,"<"&'План недели'!$D$4,$D$5:D109,"<>",$G$5:G109,"<>Отменён"),"")
A110: =IF(B110="","","VIS_"&(YEAR(B110)*10000+MONTH(B110)*100+DAY(B110))&"_"&IF(COUNTIF($B$5:B110,B110)<10,"00"&COUNTIF($B$5:B110,B110),IF(COUNTIF($B$5:B110,B110)<100,"0"&COUNTIF($B$5:B110,B110),COUNTIF($B$5:B110,B110)))) -> VIS_20260416_001 | B110: 46128 | C110: =IF(B110="","",CHOOSE(WEEKDAY(B110,2),"Пн","Вт","Ср","Чт","Пт","Сб","Вс")) -> Чт | D110: ст. Остров мечты | E110: Струков Д.М. | F110: Фотопанорамная съёмка | G110: Выполнен | I110: 355 | J110: =IF(B110="","",B110-MOD(WEEKDAY(B110,2)-3,7)) -> 46127 | K110: =IF(AND(B110>='План недели'!$B$4,B110<'План недели'!$D$4,D110<>"",G110<>"Отменён"),COUNTIFS($B$5:B110,">="&'План недели'!$B$4,$B$5:B110,"<"&'План недели'!$D$4,$D$5:D110,"<>",$G$5:G110,"<>Отменён"),"")
A111: =IF(B111="","","VIS_"&(YEAR(B111)*10000+MONTH(B111)*100+DAY(B111))&"_"&IF(COUNTIF($B$5:B111,B111)<10,"00"&COUNTIF($B$5:B111,B111),IF(COUNTIF($B$5:B111,B111)<100,"0"&COUNTIF($B$5:B111,B111),COUNTIF($B$5:B111,B111)))) -> VIS_20260417_001 | B111: 46129 | C111: =IF(B111="","",CHOOSE(WEEKDAY(B111,2),"Пн","Вт","Ср","Чт","Пт","Сб","Вс")) -> Пт | D111: Ленинградский вокзал | E111: Струков Д.М. | F111: Фотопанорамная съёмка | G111: Выполнен | I111: 557 | J111: =IF(B111="","",B111-MOD(WEEKDAY(B111,2)-3,7)) -> 46127 | K111: =IF(AND(B111>='План недели'!$B$4,B111<'План недели'!$D$4,D111<>"",G111<>"Отменён"),COUNTIFS($B$5:B111,">="&'План недели'!$B$4,$B$5:B111,"<"&'План недели'!$D$4,$D$5:D111,"<>",$G$5:G111,"<>Отменён"),"")
A112: =IF(B112="","","VIS_"&(YEAR(B112)*10000+MONTH(B112)*100+DAY(B112))&"_"&IF(COUNTIF($B$5:B112,B112)<10,"00"&COUNTIF($B$5:B112,B112),IF(COUNTIF($B$5:B112,B112)<100,"0"&COUNTIF($B$5:B112,B112),COUNTIF($B$5:B112,B112)))) -> VIS_20260418_001 | B112: 46130 | C112: =IF(B112="","",CHOOSE(WEEKDAY(B112,2),"Пн","Вт","Ср","Чт","Пт","Сб","Вс")) -> Сб | J112: =IF(B112="","",B112-MOD(WEEKDAY(B112,2)-3,7)) -> 46127 | K112: =IF(AND(B112>='План недели'!$B$4,B112<'План недели'!$D$4,D112<>"",G112<>"Отменён"),COUNTIFS($B$5:B112,">="&'План недели'!$B$4,$B$5:B112,"<"&'План недели'!$D$4,$D$5:D112,"<>",$G$5:G112,"<>Отменён"),"")
A113: =IF(B113="","","VIS_"&(YEAR(B113)*10000+MONTH(B113)*100+DAY(B113))&"_"&IF(COUNTIF($B$5:B113,B113)<10,"00"&COUNTIF($B$5:B113,B113),IF(COUNTIF($B$5:B113,B113)<100,"0"&COUNTIF($B$5:B113,B113),COUNTIF($B$5:B113,B113)))) -> VIS_20260419_001 | B113: 46131 | C113: =IF(B113="","",CHOOSE(WEEKDAY(B113,2),"Пн","Вт","Ср","Чт","Пт","Сб","Вс")) -> Вс | J113: =IF(B113="","",B113-MOD(WEEKDAY(B113,2)-3,7)) -> 46127 | K113: =IF(AND(B113>='План недели'!$B$4,B113<'План недели'!$D$4,D113<>"",G113<>"Отменён"),COUNTIFS($B$5:B113,">="&'План недели'!$B$4,$B$5:B113,"<"&'План недели'!$D$4,$D$5:D113,"<>",$G$5:G113,"<>Отменён"),"")
A114: =IF(B114="","","VIS_"&(YEAR(B114)*10000+MONTH(B114)*100+DAY(B114))&"_"&IF(COUNTIF($B$5:B114,B114)<10,"00"&COUNTIF($B$5:B114,B114),IF(COUNTIF($B$5:B114,B114)<100,"0"&COUNTIF($B$5:B114,B114),COUNTIF($B$5:B114,B114)))) -> VIS_20260420_001 | B114: 46132 | C114: =IF(B114="","",CHOOSE(WEEKDAY(B114,2),"Пн","Вт","Ср","Чт","Пт","Сб","Вс")) -> Пн | D114: Ленинградский вокзал | E114: Сафонов М.С. | F114: Фотопанорамная съёмка | G114: Выполнен | I114: 557 | J114: =IF(B114="","",B114-MOD(WEEKDAY(B114,2)-3,7)) -> 46127 | K114: =IF(AND(B114>='План недели'!$B$4,B114<'План недели'!$D$4,D114<>"",G114<>"Отменён"),COUNTIFS($B$5:B114,">="&'План недели'!$B$4,$B$5:B114,"<"&'План недели'!$D$4,$D$5:D114,"<>",$G$5:G114,"<>Отменён"),"")
A115: =IF(B115="","","VIS_"&(YEAR(B115)*10000+MONTH(B115)*100+DAY(B115))&"_"&IF(COUNTIF($B$5:B115,B115)<10,"00"&COUNTIF($B$5:B115,B115),IF(COUNTIF($B$5:B115,B115)<100,"0"&COUNTIF($B$5:B115,B115),COUNTIF($B$5:B115,B115)))) -> VIS_20260421_001 | B115: 46133 | C115: =IF(B115="","",CHOOSE(WEEKDAY(B115,2),"Пн","Вт","Ср","Чт","Пт","Сб","Вс")) -> Вт | D115: ст. Бульвар Генерала Карбышева | E115: Сафонов М.С. | F115: Фотопанорамная съёмка | G115: Выполнен | I115: 200 | J115: =IF(B115="","",B115-MOD(WEEKDAY(B115,2)-3,7)) -> 46127 | K115: =IF(AND(B115>='План недели'!$B$4,B115<'План недели'!$D$4,D115<>"",G115<>"Отменён"),COUNTIFS($B$5:B115,">="&'План недели'!$B$4,$B$5:B115,"<"&'План недели'!$D$4,$D$5:D115,"<>",$G$5:G115,"<>Отменён"),"")
A116: =IF(B116="","","VIS_"&(YEAR(B116)*10000+MONTH(B116)*100+DAY(B116))&"_"&IF(COUNTIF($B$5:B116,B116)<10,"00"&COUNTIF($B$5:B116,B116),IF(COUNTIF($B$5:B116,B116)<100,"0"&COUNTIF($B$5:B116,B116),COUNTIF($B$5:B116,B116)))) -> VIS_20260422_001 | B116: 46134 | C116: =IF(B116="","",CHOOSE(WEEKDAY(B116,2),"Пн","Вт","Ср","Чт","Пт","Сб","Вс")) -> Ср | D116: Ленинградский вокзал | E116: Сафонов М.С. | F116: Фотопанорамная съёмка | G116: Выполнен | I116: 557 | J116: =IF(B116="","",B116-MOD(WEEKDAY(B116,2)-3,7)) -> 46134 | K116: =IF(AND(B116>='План недели'!$B$4,B116<'План недели'!$D$4,D116<>"",G116<>"Отменён"),COUNTIFS($B$5:B116,">="&'План недели'!$B$4,$B$5:B116,"<"&'План недели'!$D$4,$D$5:D116,"<>",$G$5:G116,"<>Отменён"),"")
A117: =IF(B117="","","VIS_"&(YEAR(B117)*10000+MONTH(B117)*100+DAY(B117))&"_"&IF(COUNTIF($B$5:B117,B117)<10,"00"&COUNTIF($B$5:B117,B117),IF(COUNTIF($B$5:B117,B117)<100,"0"&COUNTIF($B$5:B117,B117),COUNTIF($B$5:B117,B117)))) -> VIS_20260423_001 | B117: 46135 | C117: =IF(B117="","",CHOOSE(WEEKDAY(B117,2),"Пн","Вт","Ср","Чт","Пт","Сб","Вс")) -> Чт | D117: ст. ЗИЛ | E117: Сафонов М.С. | F117: Фотопанорамная съёмка | G117: Выполнен | I117: 194 | J117: =IF(B117="","",B117-MOD(WEEKDAY(B117,2)-3,7)) -> 46134 | K117: =IF(AND(B117>='План недели'!$B$4,B117<'План недели'!$D$4,D117<>"",G117<>"Отменён"),COUNTIFS($B$5:B117,">="&'План недели'!$B$4,$B$5:B117,"<"&'План недели'!$D$4,$D$5:D117,"<>",$G$5:G117,"<>Отменён"),"")
A118: =IF(B118="","","VIS_"&(YEAR(B118)*10000+MONTH(B118)*100+DAY(B118))&"_"&IF(COUNTIF($B$5:B118,B118)<10,"00"&COUNTIF($B$5:B118,B118),IF(COUNTIF($B$5:B118,B118)<100,"0"&COUNTIF($B$5:B118,B118),COUNTIF($B$5:B118,B118)))) -> VIS_20260424_001 | B118: 46136 | C118: =IF(B118="","",CHOOSE(WEEKDAY(B118,2),"Пн","Вт","Ср","Чт","Пт","Сб","Вс")) -> Пт | D118: Ленинградский вокзал | E118: Сафонов М.С. | F118: Фотопанорамная съёмка | G118: Выполнен | I118: 557 | J118: =IF(B118="","",B118-MOD(WEEKDAY(B118,2)-3,7)) -> 46134 | K118: =IF(AND(B118>='План недели'!$B$4,B118<'План недели'!$D$4,D118<>"",G118<>"Отменён"),COUNTIFS($B$5:B118,">="&'План недели'!$B$4,$B$5:B118,"<"&'План недели'!$D$4,$D$5:D118,"<>",$G$5:G118,"<>Отменён"),"")
A119: =IF(B119="","","VIS_"&(YEAR(B119)*10000+MONTH(B119)*100+DAY(B119))&"_"&IF(COUNTIF($B$5:B119,B119)<10,"00"&COUNTIF($B$5:B119,B119),IF(COUNTIF($B$5:B119,B119)<100,"0"&COUNTIF($B$5:B119,B119),COUNTIF($B$5:B119,B119)))) -> VIS_20260425_001 | B119: 46137 | C119: =IF(B119="","",CHOOSE(WEEKDAY(B119,2),"Пн","Вт","Ср","Чт","Пт","Сб","Вс")) -> Сб | J119: =IF(B119="","",B119-MOD(WEEKDAY(B119,2)-3,7)) -> 46134 | K119: =IF(AND(B119>='План недели'!$B$4,B119<'План недели'!$D$4,D119<>"",G119<>"Отменён"),COUNTIFS($B$5:B119,">="&'План недели'!$B$4,$B$5:B119,"<"&'План недели'!$D$4,$D$5:D119,"<>",$G$5:G119,"<>Отменён"),"")
A120: =IF(B120="","","VIS_"&(YEAR(B120)*10000+MONTH(B120)*100+DAY(B120))&"_"&IF(COUNTIF($B$5:B120,B120)<10,"00"&COUNTIF($B$5:B120,B120),IF(COUNTIF($B$5:B120,B120)<100,"0"&COUNTIF($B$5:B120,B120),COUNTIF($B$5:B120,B120)))) -> VIS_20260426_001 | B120: 46138 | C120: =IF(B120="","",CHOOSE(WEEKDAY(B120,2),"Пн","Вт","Ср","Чт","Пт","Сб","Вс")) -> Вс | J120: =IF(B120="","",B120-MOD(WEEKDAY(B120,2)-3,7)) -> 46134 | K120: =IF(AND(B120>='План недели'!$B$4,B120<'План недели'!$D$4,D120<>"",G120<>"Отменён"),COUNTIFS($B$5:B120,">="&'План недели'!$B$4,$B$5:B120,"<"&'План недели'!$D$4,$D$5:D120,"<>",$G$5:G120,"<>Отменён"),"")
A121: =IF(B121="","","VIS_"&(YEAR(B121)*10000+MONTH(B121)*100+DAY(B121))&"_"&IF(COUNTIF($B$5:B121,B121)<10,"00"&COUNTIF($B$5:B121,B121),IF(COUNTIF($B$5:B121,B121)<100,"0"&COUNTIF($B$5:B121,B121),COUNTIF($B$5:B121,B121)))) -> VIS_20260427_001 | B121: 46139 | C121: =IF(B121="","",CHOOSE(WEEKDAY(B121,2),"Пн","Вт","Ср","Чт","Пт","Сб","Вс")) -> Пн | D121: Ленинградский вокзал | E121: Сафонов М.С. | F121: Фотопанорамная съёмка | G121: Выполнен | I121: 557 | J121: =IF(B121="","",B121-MOD(WEEKDAY(B121,2)-3,7)) -> 46134 | K121: =IF(AND(B121>='План недели'!$B$4,B121<'План недели'!$D$4,D121<>"",G121<>"Отменён"),COUNTIFS($B$5:B121,">="&'План недели'!$B$4,$B$5:B121,"<"&'План недели'!$D$4,$D$5:D121,"<>",$G$5:G121,"<>Отменён"),"")
A122: =IF(B122="","","VIS_"&(YEAR(B122)*10000+MONTH(B122)*100+DAY(B122))&"_"&IF(COUNTIF($B$5:B122,B122)<10,"00"&COUNTIF($B$5:B122,B122),IF(COUNTIF($B$5:B122,B122)<100,"0"&COUNTIF($B$5:B122,B122),COUNTIF($B$5:B122,B122)))) -> VIS_20260428_001 | B122: 46140 | C122: =IF(B122="","",CHOOSE(WEEKDAY(B122,2),"Пн","Вт","Ср","Чт","Пт","Сб","Вс")) -> Вт | D122: ст. Звенигородская | E122: Сафонов М.С. | F122: Фотопанорамная съёмка | G122: Выполнен | I122: 366 | J122: =IF(B122="","",B122-MOD(WEEKDAY(B122,2)-3,7)) -> 46134 | K122: =IF(AND(B122>='План недели'!$B$4,B122<'План недели'!$D$4,D122<>"",G122<>"Отменён"),COUNTIFS($B$5:B122,">="&'План недели'!$B$4,$B$5:B122,"<"&'План недели'!$D$4,$D$5:D122,"<>",$G$5:G122,"<>Отменён"),"")
A123: =IF(B123="","","VIS_"&(YEAR(B123)*10000+MONTH(B123)*100+DAY(B123))&"_"&IF(COUNTIF($B$5:B123,B123)<10,"00"&COUNTIF($B$5:B123,B123),IF(COUNTIF($B$5:B123,B123)<100,"0"&COUNTIF($B$5:B123,B123),COUNTIF($B$5:B123,B123)))) -> VIS_20260428_002 | B123: 46140 | C123: =IF(B123="","",CHOOSE(WEEKDAY(B123,2),"Пн","Вт","Ср","Чт","Пт","Сб","Вс")) -> Вт | D123: Пл.10 РАЛ | E123: Сафонов М.С. | F123: Фотопанорамная съёмка | G123: Выполнен | I123: 15 | J123: =IF(B123="","",B123-MOD(WEEKDAY(B123,2)-3,7)) -> 46134 | K123: =IF(AND(B123>='План недели'!$B$4,B123<'План недели'!$D$4,D123<>"",G123<>"Отменён"),COUNTIFS($B$5:B123,">="&'План недели'!$B$4,$B$5:B123,"<"&'План недели'!$D$4,$D$5:D123,"<>",$G$5:G123,"<>Отменён"),"")
A124: =IF(B124="","","VIS_"&(YEAR(B124)*10000+MONTH(B124)*100+DAY(B124))&"_"&IF(COUNTIF($B$5:B124,B124)<10,"00"&COUNTIF($B$5:B124,B124),IF(COUNTIF($B$5:B124,B124)<100,"0"&COUNTIF($B$5:B124,B124),COUNTIF($B$5:B124,B124)))) -> VIS_20260429_001 | B124: 46141 | C124: =IF(B124="","",CHOOSE(WEEKDAY(B124,2),"Пн","Вт","Ср","Чт","Пт","Сб","Вс")) -> Ср | D124: Ленинградский вокзал | E124: Сафонов М.С. | F124: Фотопанорамная съёмка | G124: Выполнен | I124: 557 | J124: =IF(B124="","",B124-MOD(WEEKDAY(B124,2)-3,7)) -> 46141 | K124: =IF(AND(B124>='План недели'!$B$4,B124<'План недели'!$D$4,D124<>"",G124<>"Отменён"),COUNTIFS($B$5:B124,">="&'План недели'!$B$4,$B$5:B124,"<"&'План недели'!$D$4,$D$5:D124,"<>",$G$5:G124,"<>Отменён"),"")
A125: =IF(B125="","","VIS_"&(YEAR(B125)*10000+MONTH(B125)*100+DAY(B125))&"_"&IF(COUNTIF($B$5:B125,B125)<10,"00"&COUNTIF($B$5:B125,B125),IF(COUNTIF($B$5:B125,B125)<100,"0"&COUNTIF($B$5:B125,B125),COUNTIF($B$5:B125,B125)))) -> VIS_20260430_001 | B125: 46142 | C125: =IF(B125="","",CHOOSE(WEEKDAY(B125,2),"Пн","Вт","Ср","Чт","Пт","Сб","Вс")) -> Чт | D125: Пл.10 РАЛ | E125: Сафонов М.С. | F125: Фотопанорамная съёмка | G125: Выполнен | H125: Съёмка всех площадок РАЛ и МБЛ | I125: 15 | J125: =IF(B125="","",B125-MOD(WEEKDAY(B125,2)-3,7)) -> 46141 | K125: =IF(AND(B125>='План недели'!$B$4,B125<'План недели'!$D$4,D125<>"",G125<>"Отменён"),COUNTIFS($B$5:B125,">="&'План недели'!$B$4,$B$5:B125,"<"&'План недели'!$D$4,$D$5:D125,"<>",$G$5:G125,"<>Отменён"),"")
A126: =IF(B126="","","VIS_"&(YEAR(B126)*10000+MONTH(B126)*100+DAY(B126))&"_"&IF(COUNTIF($B$5:B126,B126)<10,"00"&COUNTIF($B$5:B126,B126),IF(COUNTIF($B$5:B126,B126)<100,"0"&COUNTIF($B$5:B126,B126),COUNTIF($B$5:B126,B126)))) -> VIS_20260430_002 | B126: 46142 | C126: =IF(B126="","",CHOOSE(WEEKDAY(B126,2),"Пн","Вт","Ср","Чт","Пт","Сб","Вс")) -> Чт | D126: Пл.12 РАЛ | E126: Сафонов М.С. | F126: Фотопанорамная съёмка | G126: Выполнен | H126: Съёмка всех площадок РАЛ и МБЛ | I126: 24 | J126: =IF(B126="","",B126-MOD(WEEKDAY(B126,2)-3,7)) -> 46141 | K126: =IF(AND(B126>='План недели'!$B$4,B126<'План недели'!$D$4,D126<>"",G126<>"Отменён"),COUNTIFS($B$5:B126,">="&'План недели'!$B$4,$B$5:B126,"<"&'План недели'!$D$4,$D$5:D126,"<>",$G$5:G126,"<>Отменён"),"")
A127: =IF(B127="","","VIS_"&(YEAR(B127)*10000+MONTH(B127)*100+DAY(B127))&"_"&IF(COUNTIF($B$5:B127,B127)<10,"00"&COUNTIF($B$5:B127,B127),IF(COUNTIF($B$5:B127,B127)<100,"0"&COUNTIF($B$5:B127,B127),COUNTIF($B$5:B127,B127)))) -> VIS_20260430_003 | B127: 46142 | C127: =IF(B127="","",CHOOSE(WEEKDAY(B127,2),"Пн","Вт","Ср","Чт","Пт","Сб","Вс")) -> Чт | D127: Пл.13 РАЛ | E127: Сафонов М.С. | F127: Фотопанорамная съёмка | G127: Выполнен | H127: Съёмка всех площадок РАЛ и МБЛ | I127: 22 | J127: =IF(B127="","",B127-MOD(WEEKDAY(B127,2)-3,7)) -> 46141 | K127: =IF(AND(B127>='План недели'!$B$4,B127<'План недели'!$D$4,D127<>"",G127<>"Отменён"),COUNTIFS($B$5:B127,">="&'План недели'!$B$4,$B$5:B127,"<"&'План недели'!$D$4,$D$5:D127,"<>",$G$5:G127,"<>Отменён"),"")
A128: =IF(B128="","","VIS_"&(YEAR(B128)*10000+MONTH(B128)*100+DAY(B128))&"_"&IF(COUNTIF($B$5:B128,B128)<10,"00"&COUNTIF($B$5:B128,B128),IF(COUNTIF($B$5:B128,B128)<100,"0"&COUNTIF($B$5:B128,B128),COUNTIF($B$5:B128,B128)))) -> VIS_20260430_004 | B128: 46142 | C128: =IF(B128="","",CHOOSE(WEEKDAY(B128,2),"Пн","Вт","Ср","Чт","Пт","Сб","Вс")) -> Чт | D128: Пл.14 РАЛ | E128: Сафонов М.С. | F128: Фотопанорамная съёмка | G128: Выполнен | H128: Съёмка всех площадок РАЛ и МБЛ | I128: 16 | J128: =IF(B128="","",B128-MOD(WEEKDAY(B128,2)-3,7)) -> 46141 | K128: =IF(AND(B128>='План недели'!$B$4,B128<'План недели'!$D$4,D128<>"",G128<>"Отменён"),COUNTIFS($B$5:B128,">="&'План недели'!$B$4,$B$5:B128,"<"&'План недели'!$D$4,$D$5:D128,"<>",$G$5:G128,"<>Отменён"),"")
A129: =IF(B129="","","VIS_"&(YEAR(B129)*10000+MONTH(B129)*100+DAY(B129))&"_"&IF(COUNTIF($B$5:B129,B129)<10,"00"&COUNTIF($B$5:B129,B129),IF(COUNTIF($B$5:B129,B129)<100,"0"&COUNTIF($B$5:B129,B129),COUNTIF($B$5:B129,B129)))) -> VIS_20260430_005 | B129: 46142 | C129: =IF(B129="","",CHOOSE(WEEKDAY(B129,2),"Пн","Вт","Ср","Чт","Пт","Сб","Вс")) -> Чт | D129: Пл.№1а | E129: Сафонов М.С. | F129: Фотопанорамная съёмка | G129: Выполнен | H129: Съёмка всех площадок РАЛ и МБЛ | I129: 24 | J129: =IF(B129="","",B129-MOD(WEEKDAY(B129,2)-3,7)) -> 46141 | K129: =IF(AND(B129>='План недели'!$B$4,B129<'План недели'!$D$4,D129<>"",G129<>"Отменён"),COUNTIFS($B$5:B129,">="&'План недели'!$B$4,$B$5:B129,"<"&'План недели'!$D$4,$D$5:D129,"<>",$G$5:G129,"<>Отменён"),"")
A130: =IF(B130="","","VIS_"&(YEAR(B130)*10000+MONTH(B130)*100+DAY(B130))&"_"&IF(COUNTIF($B$5:B130,B130)<10,"00"&COUNTIF($B$5:B130,B130),IF(COUNTIF($B$5:B130,B130)<100,"0"&COUNTIF($B$5:B130,B130),COUNTIF($B$5:B130,B130)))) -> VIS_20260430_006 | B130: 46142 | C130: =IF(B130="","",CHOOSE(WEEKDAY(B130,2),"Пн","Вт","Ср","Чт","Пт","Сб","Вс")) -> Чт | D130: Пл.№2а | E130: Сафонов М.С. | F130: Фотопанорамная съёмка | G130: Выполнен | H130: Съёмка всех площадок РАЛ и МБЛ | I130: 19 | J130: =IF(B130="","",B130-MOD(WEEKDAY(B130,2)-3,7)) -> 46141 | K130: =IF(AND(B130>='План недели'!$B$4,B130<'План недели'!$D$4,D130<>"",G130<>"Отменён"),COUNTIFS($B$5:B130,">="&'План недели'!$B$4,$B$5:B130,"<"&'План недели'!$D$4,$D$5:D130,"<>",$G$5:G130,"<>Отменён"),"")
A131: =IF(B131="","","VIS_"&(YEAR(B131)*10000+MONTH(B131)*100+DAY(B131))&"_"&IF(COUNTIF($B$5:B131,B131)<10,"00"&COUNTIF($B$5:B131,B131),IF(COUNTIF($B$5:B131,B131)<100,"0"&COUNTIF($B$5:B131,B131),COUNTIF($B$5:B131,B131)))) -> VIS_20260430_007 | B131: 46142 | C131: =IF(B131="","",CHOOSE(WEEKDAY(B131,2),"Пн","Вт","Ср","Чт","Пт","Сб","Вс")) -> Чт | D131: Пл.№2б | E131: Сафонов М.С. | F131: Фотопанорамная съёмка | G131: Выполнен | H131: Съёмка всех площадок РАЛ и МБЛ | I131: 31 | J131: =IF(B131="","",B131-MOD(WEEKDAY(B131,2)-3,7)) -> 46141 | K131: =IF(AND(B131>='План недели'!$B$4,B131<'План недели'!$D$4,D131<>"",G131<>"Отменён"),COUNTIFS($B$5:B131,">="&'План недели'!$B$4,$B$5:B131,"<"&'План недели'!$D$4,$D$5:D131,"<>",$G$5:G131,"<>Отменён"),"")
A132: =IF(B132="","","VIS_"&(YEAR(B132)*10000+MONTH(B132)*100+DAY(B132))&"_"&IF(COUNTIF($B$5:B132,B132)<10,"00"&COUNTIF($B$5:B132,B132),IF(COUNTIF($B$5:B132,B132)<100,"0"&COUNTIF($B$5:B132,B132),COUNTIF($B$5:B132,B132)))) -> VIS_20260501_001 | B132: 46143 | C132: =IF(B132="","",CHOOSE(WEEKDAY(B132,2),"Пн","Вт","Ср","Чт","Пт","Сб","Вс")) -> Пт | J132: =IF(B132="","",B132-MOD(WEEKDAY(B132,2)-3,7)) -> 46141 | K132: =IF(AND(B132>='План недели'!$B$4,B132<'План недели'!$D$4,D132<>"",G132<>"Отменён"),COUNTIFS($B$5:B132,">="&'План недели'!$B$4,$B$5:B132,"<"&'План недели'!$D$4,$D$5:D132,"<>",$G$5:G132,"<>Отменён"),"")
A133: =IF(B133="","","VIS_"&(YEAR(B133)*10000+MONTH(B133)*100+DAY(B133))&"_"&IF(COUNTIF($B$5:B133,B133)<10,"00"&COUNTIF($B$5:B133,B133),IF(COUNTIF($B$5:B133,B133)<100,"0"&COUNTIF($B$5:B133,B133),COUNTIF($B$5:B133,B133)))) -> VIS_20260502_001 | B133: 46144 | C133: =IF(B133="","",CHOOSE(WEEKDAY(B133,2),"Пн","Вт","Ср","Чт","Пт","Сб","Вс")) -> Сб | J133: =IF(B133="","",B133-MOD(WEEKDAY(B133,2)-3,7)) -> 46141 | K133: =IF(AND(B133>='План недели'!$B$4,B133<'План недели'!$D$4,D133<>"",G133<>"Отменён"),COUNTIFS($B$5:B133,">="&'План недели'!$B$4,$B$5:B133,"<"&'План недели'!$D$4,$D$5:D133,"<>",$G$5:G133,"<>Отменён"),"")
A134: =IF(B134="","","VIS_"&(YEAR(B134)*10000+MONTH(B134)*100+DAY(B134))&"_"&IF(COUNTIF($B$5:B134,B134)<10,"00"&COUNTIF($B$5:B134,B134),IF(COUNTIF($B$5:B134,B134)<100,"0"&COUNTIF($B$5:B134,B134),COUNTIF($B$5:B134,B134)))) -> VIS_20260503_001 | B134: 46145 | C134: =IF(B134="","",CHOOSE(WEEKDAY(B134,2),"Пн","Вт","Ср","Чт","Пт","Сб","Вс")) -> Вс | J134: =IF(B134="","",B134-MOD(WEEKDAY(B134,2)-3,7)) -> 46141 | K134: =IF(AND(B134>='План недели'!$B$4,B134<'План недели'!$D$4,D134<>"",G134<>"Отменён"),COUNTIFS($B$5:B134,">="&'План недели'!$B$4,$B$5:B134,"<"&'План недели'!$D$4,$D$5:D134,"<>",$G$5:G134,"<>Отменён"),"")
A135: =IF(B135="","","VIS_"&(YEAR(B135)*10000+MONTH(B135)*100+DAY(B135))&"_"&IF(COUNTIF($B$5:B135,B135)<10,"00"&COUNTIF($B$5:B135,B135),IF(COUNTIF($B$5:B135,B135)<100,"0"&COUNTIF($B$5:B135,B135),COUNTIF($B$5:B135,B135)))) -> VIS_20260504_001 | B135: 46146 | C135: =IF(B135="","",CHOOSE(WEEKDAY(B135,2),"Пн","Вт","Ср","Чт","Пт","Сб","Вс")) -> Пн | D135: Ленинградский вокзал | E135: Струков Д.М. | F135: Фотопанорамная съёмка | G135: Выполнен | I135: 557 | J135: =IF(B135="","",B135-MOD(WEEKDAY(B135,2)-3,7)) -> 46141 | K135: =IF(AND(B135>='План недели'!$B$4,B135<'План недели'!$D$4,D135<>"",G135<>"Отменён"),COUNTIFS($B$5:B135,">="&'План недели'!$B$4,$B$5:B135,"<"&'План недели'!$D$4,$D$5:D135,"<>",$G$5:G135,"<>Отменён"),"")
A136: =IF(B136="","","VIS_"&(YEAR(B136)*10000+MONTH(B136)*100+DAY(B136))&"_"&IF(COUNTIF($B$5:B136,B136)<10,"00"&COUNTIF($B$5:B136,B136),IF(COUNTIF($B$5:B136,B136)<100,"0"&COUNTIF($B$5:B136,B136),COUNTIF($B$5:B136,B136)))) -> VIS_20260505_001 | B136: 46147 | C136: =IF(B136="","",CHOOSE(WEEKDAY(B136,2),"Пн","Вт","Ср","Чт","Пт","Сб","Вс")) -> Вт | D136: ст. Карамышевская | E136: Струков Д.М. | F136: Фотопанорамная съёмка | G136: Выполнен | I136: 445 | J136: =IF(B136="","",B136-MOD(WEEKDAY(B136,2)-3,7)) -> 46141 | K136: =IF(AND(B136>='План недели'!$B$4,B136<'План недели'!$D$4,D136<>"",G136<>"Отменён"),COUNTIFS($B$5:B136,">="&'План недели'!$B$4,$B$5:B136,"<"&'План недели'!$D$4,$D$5:D136,"<>",$G$5:G136,"<>Отменён"),"")
A137: =IF(B137="","","VIS_"&(YEAR(B137)*10000+MONTH(B137)*100+DAY(B137))&"_"&IF(COUNTIF($B$5:B137,B137)<10,"00"&COUNTIF($B$5:B137,B137),IF(COUNTIF($B$5:B137,B137)<100,"0"&COUNTIF($B$5:B137,B137),COUNTIF($B$5:B137,B137)))) -> VIS_20260506_001 | B137: 46148 | C137: =IF(B137="","",CHOOSE(WEEKDAY(B137,2),"Пн","Вт","Ср","Чт","Пт","Сб","Вс")) -> Ср | D137: Ленинградский вокзал | E137: Струков Д.М. | F137: Фотопанорамная съёмка | G137: Выполнен | I137: 557 | J137: =IF(B137="","",B137-MOD(WEEKDAY(B137,2)-3,7)) -> 46148 | K137: =IF(AND(B137>='План недели'!$B$4,B137<'План недели'!$D$4,D137<>"",G137<>"Отменён"),COUNTIFS($B$5:B137,">="&'План недели'!$B$4,$B$5:B137,"<"&'План недели'!$D$4,$D$5:D137,"<>",$G$5:G137,"<>Отменён"),"")
A138: =IF(B138="","","VIS_"&(YEAR(B138)*10000+MONTH(B138)*100+DAY(B138))&"_"&IF(COUNTIF($B$5:B138,B138)<10,"00"&COUNTIF($B$5:B138,B138),IF(COUNTIF($B$5:B138,B138)<100,"0"&COUNTIF($B$5:B138,B138),COUNTIF($B$5:B138,B138)))) -> VIS_20260507_001 | B138: 46149 | C138: =IF(B138="","",CHOOSE(WEEKDAY(B138,2),"Пн","Вт","Ср","Чт","Пт","Сб","Вс")) -> Чт | D138: ст. Остров мечты | E138: Струков Д.М. | F138: Фотопанорамная съёмка | G138: Выполнен | I138: 355 | J138: =IF(B138="","",B138-MOD(WEEKDAY(B138,2)-3,7)) -> 46148 | K138: =IF(AND(B138>='План недели'!$B$4,B138<'План недели'!$D$4,D138<>"",G138<>"Отменён"),COUNTIFS($B$5:B138,">="&'План недели'!$B$4,$B$5:B138,"<"&'План недели'!$D$4,$D$5:D138,"<>",$G$5:G138,"<>Отменён"),"")
A139: =IF(B139="","","VIS_"&(YEAR(B139)*10000+MONTH(B139)*100+DAY(B139))&"_"&IF(COUNTIF($B$5:B139,B139)<10,"00"&COUNTIF($B$5:B139,B139),IF(COUNTIF($B$5:B139,B139)<100,"0"&COUNTIF($B$5:B139,B139),COUNTIF($B$5:B139,B139)))) -> VIS_20260508_001 | B139: 46150 | C139: =IF(B139="","",CHOOSE(WEEKDAY(B139,2),"Пн","Вт","Ср","Чт","Пт","Сб","Вс")) -> Пт | D139: Ленинградский вокзал | E139: Струков Д.М. | F139: Фотопанорамная съёмка | G139: Выполнен | I139: 557 | J139: =IF(B139="","",B139-MOD(WEEKDAY(B139,2)-3,7)) -> 46148 | K139: =IF(AND(B139>='План недели'!$B$4,B139<'План недели'!$D$4,D139<>"",G139<>"Отменён"),COUNTIFS($B$5:B139,">="&'План недели'!$B$4,$B$5:B139,"<"&'План недели'!$D$4,$D$5:D139,"<>",$G$5:G139,"<>Отменён"),"")
A140: =IF(B140="","","VIS_"&(YEAR(B140)*10000+MONTH(B140)*100+DAY(B140))&"_"&IF(COUNTIF($B$5:B140,B140)<10,"00"&COUNTIF($B$5:B140,B140),IF(COUNTIF($B$5:B140,B140)<100,"0"&COUNTIF($B$5:B140,B140),COUNTIF($B$5:B140,B140)))) -> VIS_20260509_001 | B140: 46151 | C140: =IF(B140="","",CHOOSE(WEEKDAY(B140,2),"Пн","Вт","Ср","Чт","Пт","Сб","Вс")) -> Сб | J140: =IF(B140="","",B140-MOD(WEEKDAY(B140,2)-3,7)) -> 46148 | K140: =IF(AND(B140>='План недели'!$B$4,B140<'План недели'!$D$4,D140<>"",G140<>"Отменён"),COUNTIFS($B$5:B140,">="&'План недели'!$B$4,$B$5:B140,"<"&'План недели'!$D$4,$D$5:D140,"<>",$G$5:G140,"<>Отменён"),"")
A141: =IF(B141="","","VIS_"&(YEAR(B141)*10000+MONTH(B141)*100+DAY(B141))&"_"&IF(COUNTIF($B$5:B141,B141)<10,"00"&COUNTIF($B$5:B141,B141),IF(COUNTIF($B$5:B141,B141)<100,"0"&COUNTIF($B$5:B141,B141),COUNTIF($B$5:B141,B141)))) -> VIS_20260510_001 | B141: 46152 | C141: =IF(B141="","",CHOOSE(WEEKDAY(B141,2),"Пн","Вт","Ср","Чт","Пт","Сб","Вс")) -> Вс | J141: =IF(B141="","",B141-MOD(WEEKDAY(B141,2)-3,7)) -> 46148 | K141: =IF(AND(B141>='План недели'!$B$4,B141<'План недели'!$D$4,D141<>"",G141<>"Отменён"),COUNTIFS($B$5:B141,">="&'План недели'!$B$4,$B$5:B141,"<"&'План недели'!$D$4,$D$5:D141,"<>",$G$5:G141,"<>Отменён"),"")
A142: =IF(B142="","","VIS_"&(YEAR(B142)*10000+MONTH(B142)*100+DAY(B142))&"_"&IF(COUNTIF($B$5:B142,B142)<10,"00"&COUNTIF($B$5:B142,B142),IF(COUNTIF($B$5:B142,B142)<100,"0"&COUNTIF($B$5:B142,B142),COUNTIF($B$5:B142,B142)))) -> VIS_20260511_001 | B142: 46153 | C142: =IF(B142="","",CHOOSE(WEEKDAY(B142,2),"Пн","Вт","Ср","Чт","Пт","Сб","Вс")) -> Пн | D142: Ленинградский вокзал | E142: Струков Д.М. | F142: Фотопанорамная съёмка | G142: Выполнен | I142: 557 | J142: =IF(B142="","",B142-MOD(WEEKDAY(B142,2)-3,7)) -> 46148 | K142: =IF(AND(B142>='План недели'!$B$4,B142<'План недели'!$D$4,D142<>"",G142<>"Отменён"),COUNTIFS($B$5:B142,">="&'План недели'!$B$4,$B$5:B142,"<"&'План недели'!$D$4,$D$5:D142,"<>",$G$5:G142,"<>Отменён"),"")
A143: =IF(B143="","","VIS_"&(YEAR(B143)*10000+MONTH(B143)*100+DAY(B143))&"_"&IF(COUNTIF($B$5:B143,B143)<10,"00"&COUNTIF($B$5:B143,B143),IF(COUNTIF($B$5:B143,B143)<100,"0"&COUNTIF($B$5:B143,B143),COUNTIF($B$5:B143,B143)))) -> VIS_20260512_001 | B143: 46154 | C143: =IF(B143="","",CHOOSE(WEEKDAY(B143,2),"Пн","Вт","Ср","Чт","Пт","Сб","Вс")) -> Вт | D143: ст. Бульвар Генерала Карбышева | E143: Струков Д.М. | F143: Фотопанорамная съёмка | G143: Выполнен | I143: 200 | J143: =IF(B143="","",B143-MOD(WEEKDAY(B143,2)-3,7)) -> 46148 | K143: =IF(AND(B143>='План недели'!$B$4,B143<'План недели'!$D$4,D143<>"",G143<>"Отменён"),COUNTIFS($B$5:B143,">="&'План недели'!$B$4,$B$5:B143,"<"&'План недели'!$D$4,$D$5:D143,"<>",$G$5:G143,"<>Отменён"),"")
A144: =IF(B144="","","VIS_"&(YEAR(B144)*10000+MONTH(B144)*100+DAY(B144))&"_"&IF(COUNTIF($B$5:B144,B144)<10,"00"&COUNTIF($B$5:B144,B144),IF(COUNTIF($B$5:B144,B144)<100,"0"&COUNTIF($B$5:B144,B144),COUNTIF($B$5:B144,B144)))) -> VIS_20260513_001 | B144: 46155 | C144: =IF(B144="","",CHOOSE(WEEKDAY(B144,2),"Пн","Вт","Ср","Чт","Пт","Сб","Вс")) -> Ср | D144: Ленинградский вокзал | E144: Струков Д.М. | F144: Фотопанорамная съёмка | G144: Выполнен | I144: 557 | J144: =IF(B144="","",B144-MOD(WEEKDAY(B144,2)-3,7)) -> 46155 | K144: =IF(AND(B144>='План недели'!$B$4,B144<'План недели'!$D$4,D144<>"",G144<>"Отменён"),COUNTIFS($B$5:B144,">="&'План недели'!$B$4,$B$5:B144,"<"&'План недели'!$D$4,$D$5:D144,"<>",$G$5:G144,"<>Отменён"),"")
A145: =IF(B145="","","VIS_"&(YEAR(B145)*10000+MONTH(B145)*100+DAY(B145))&"_"&IF(COUNTIF($B$5:B145,B145)<10,"00"&COUNTIF($B$5:B145,B145),IF(COUNTIF($B$5:B145,B145)<100,"0"&COUNTIF($B$5:B145,B145),COUNTIF($B$5:B145,B145)))) -> VIS_20260514_001 | B145: 46156 | C145: =IF(B145="","",CHOOSE(WEEKDAY(B145,2),"Пн","Вт","Ср","Чт","Пт","Сб","Вс")) -> Чт | D145: ст. ЗИЛ | E145: Струков Д.М. | F145: Фотопанорамная съёмка | G145: Выполнен | I145: 194 | J145: =IF(B145="","",B145-MOD(WEEKDAY(B145,2)-3,7)) -> 46155 | K145: =IF(AND(B145>='План недели'!$B$4,B145<'План недели'!$D$4,D145<>"",G145<>"Отменён"),COUNTIFS($B$5:B145,">="&'План недели'!$B$4,$B$5:B145,"<"&'План недели'!$D$4,$D$5:D145,"<>",$G$5:G145,"<>Отменён"),"")
A146: =IF(B146="","","VIS_"&(YEAR(B146)*10000+MONTH(B146)*100+DAY(B146))&"_"&IF(COUNTIF($B$5:B146,B146)<10,"00"&COUNTIF($B$5:B146,B146),IF(COUNTIF($B$5:B146,B146)<100,"0"&COUNTIF($B$5:B146,B146),COUNTIF($B$5:B146,B146)))) -> VIS_20260515_001 | B146: 46157 | C146: =IF(B146="","",CHOOSE(WEEKDAY(B146,2),"Пн","Вт","Ср","Чт","Пт","Сб","Вс")) -> Пт | D146: Ленинградский вокзал | E146: Струков Д.М. | F146: Фотопанорамная съёмка | G146: Выполнен | I146: 557 | J146: =IF(B146="","",B146-MOD(WEEKDAY(B146,2)-3,7)) -> 46155 | K146: =IF(AND(B146>='План недели'!$B$4,B146<'План недели'!$D$4,D146<>"",G146<>"Отменён"),COUNTIFS($B$5:B146,">="&'План недели'!$B$4,$B$5:B146,"<"&'План недели'!$D$4,$D$5:D146,"<>",$G$5:G146,"<>Отменён"),"")
A147: =IF(B147="","","VIS_"&(YEAR(B147)*10000+MONTH(B147)*100+DAY(B147))&"_"&IF(COUNTIF($B$5:B147,B147)<10,"00"&COUNTIF($B$5:B147,B147),IF(COUNTIF($B$5:B147,B147)<100,"0"&COUNTIF($B$5:B147,B147),COUNTIF($B$5:B147,B147)))) -> VIS_20260516_001 | B147: 46158 | C147: =IF(B147="","",CHOOSE(WEEKDAY(B147,2),"Пн","Вт","Ср","Чт","Пт","Сб","Вс")) -> Сб | J147: =IF(B147="","",B147-MOD(WEEKDAY(B147,2)-3,7)) -> 46155 | K147: =IF(AND(B147>='План недели'!$B$4,B147<'План недели'!$D$4,D147<>"",G147<>"Отменён"),COUNTIFS($B$5:B147,">="&'План недели'!$B$4,$B$5:B147,"<"&'План недели'!$D$4,$D$5:D147,"<>",$G$5:G147,"<>Отменён"),"")
A148: =IF(B148="","","VIS_"&(YEAR(B148)*10000+MONTH(B148)*100+DAY(B148))&"_"&IF(COUNTIF($B$5:B148,B148)<10,"00"&COUNTIF($B$5:B148,B148),IF(COUNTIF($B$5:B148,B148)<100,"0"&COUNTIF($B$5:B148,B148),COUNTIF($B$5:B148,B148)))) -> VIS_20260517_001 | B148: 46159 | C148: =IF(B148="","",CHOOSE(WEEKDAY(B148,2),"Пн","Вт","Ср","Чт","Пт","Сб","Вс")) -> Вс | J148: =IF(B148="","",B148-MOD(WEEKDAY(B148,2)-3,7)) -> 46155 | K148: =IF(AND(B148>='План недели'!$B$4,B148<'План недели'!$D$4,D148<>"",G148<>"Отменён"),COUNTIFS($B$5:B148,">="&'План недели'!$B$4,$B$5:B148,"<"&'План недели'!$D$4,$D$5:D148,"<>",$G$5:G148,"<>Отменён"),"")
A149: =IF(B149="","","VIS_"&(YEAR(B149)*10000+MONTH(B149)*100+DAY(B149))&"_"&IF(COUNTIF($B$5:B149,B149)<10,"00"&COUNTIF($B$5:B149,B149),IF(COUNTIF($B$5:B149,B149)<100,"0"&COUNTIF($B$5:B149,B149),COUNTIF($B$5:B149,B149)))) -> VIS_20260518_001 | B149: 46160 | C149: =IF(B149="","",CHOOSE(WEEKDAY(B149,2),"Пн","Вт","Ср","Чт","Пт","Сб","Вс")) -> Пн | D149: Ленинградский вокзал | E149: Сафонов М.С. | F149: Фотопанорамная съёмка | G149: Выполнен | I149: 557 | J149: =IF(B149="","",B149-MOD(WEEKDAY(B149,2)-3,7)) -> 46155 | K149: =IF(AND(B149>='План недели'!$B$4,B149<'План недели'!$D$4,D149<>"",G149<>"Отменён"),COUNTIFS($B$5:B149,">="&'План недели'!$B$4,$B$5:B149,"<"&'План недели'!$D$4,$D$5:D149,"<>",$G$5:G149,"<>Отменён"),"")
A150: =IF(B150="","","VIS_"&(YEAR(B150)*10000+MONTH(B150)*100+DAY(B150))&"_"&IF(COUNTIF($B$5:B150,B150)<10,"00"&COUNTIF($B$5:B150,B150),IF(COUNTIF($B$5:B150,B150)<100,"0"&COUNTIF($B$5:B150,B150),COUNTIF($B$5:B150,B150)))) -> VIS_20260519_001 | B150: 46161 | C150: =IF(B150="","",CHOOSE(WEEKDAY(B150,2),"Пн","Вт","Ср","Чт","Пт","Сб","Вс")) -> Вт | D150: ст. Звенигородская | E150: Сафонов М.С. | F150: Фотопанорамная съёмка | G150: Выполнен | I150: 366 | J150: =IF(B150="","",B150-MOD(WEEKDAY(B150,2)-3,7)) -> 46155 | K150: =IF(AND(B150>='План недели'!$B$4,B150<'План недели'!$D$4,D150<>"",G150<>"Отменён"),COUNTIFS($B$5:B150,">="&'План недели'!$B$4,$B$5:B150,"<"&'План недели'!$D$4,$D$5:D150,"<>",$G$5:G150,"<>Отменён"),"")
A151: =IF(B151="","","VIS_"&(YEAR(B151)*10000+MONTH(B151)*100+DAY(B151))&"_"&IF(COUNTIF($B$5:B151,B151)<10,"00"&COUNTIF($B$5:B151,B151),IF(COUNTIF($B$5:B151,B151)<100,"0"&COUNTIF($B$5:B151,B151),COUNTIF($B$5:B151,B151)))) -> VIS_20260519_002 | B151: 46161 | C151: =IF(B151="","",CHOOSE(WEEKDAY(B151,2),"Пн","Вт","Ср","Чт","Пт","Сб","Вс")) -> Вт | D151: Пл.10 РАЛ | E151: Сафонов М.С. | F151: Фотопанорамная съёмка | G151: Выполнен | I151: 15 | J151: =IF(B151="","",B151-MOD(WEEKDAY(B151,2)-3,7)) -> 46155 | K151: =IF(AND(B151>='План недели'!$B$4,B151<'План недели'!$D$4,D151<>"",G151<>"Отменён"),COUNTIFS($B$5:B151,">="&'План недели'!$B$4,$B$5:B151,"<"&'План недели'!$D$4,$D$5:D151,"<>",$G$5:G151,"<>Отменён"),"")
A152: =IF(B152="","","VIS_"&(YEAR(B152)*10000+MONTH(B152)*100+DAY(B152))&"_"&IF(COUNTIF($B$5:B152,B152)<10,"00"&COUNTIF($B$5:B152,B152),IF(COUNTIF($B$5:B152,B152)<100,"0"&COUNTIF($B$5:B152,B152),COUNTIF($B$5:B152,B152)))) -> VIS_20260520_001 | B152: 46162 | C152: =IF(B152="","",CHOOSE(WEEKDAY(B152,2),"Пн","Вт","Ср","Чт","Пт","Сб","Вс")) -> Ср | D152: Ленинградский вокзал | E152: Сафонов М.С. | F152: Фотопанорамная съёмка | G152: Выполнен | I152: 557 | J152: =IF(B152="","",B152-MOD(WEEKDAY(B152,2)-3,7)) -> 46162 | K152: =IF(AND(B152>='План недели'!$B$4,B152<'План недели'!$D$4,D152<>"",G152<>"Отменён"),COUNTIFS($B$5:B152,">="&'План недели'!$B$4,$B$5:B152,"<"&'План недели'!$D$4,$D$5:D152,"<>",$G$5:G152,"<>Отменён"),"")
A153: =IF(B153="","","VIS_"&(YEAR(B153)*10000+MONTH(B153)*100+DAY(B153))&"_"&IF(COUNTIF($B$5:B153,B153)<10,"00"&COUNTIF($B$5:B153,B153),IF(COUNTIF($B$5:B153,B153)<100,"0"&COUNTIF($B$5:B153,B153),COUNTIF($B$5:B153,B153)))) -> VIS_20260521_001 | B153: 46163 | C153: =IF(B153="","",CHOOSE(WEEKDAY(B153,2),"Пн","Вт","Ср","Чт","Пт","Сб","Вс")) -> Чт | D153: Пл.10 РАЛ | E153: Сафонов М.С. | F153: Фотопанорамная съёмка | G153: Выполнен | H153: Съёмка всех площадок РАЛ и МБЛ | I153: 15 | J153: =IF(B153="","",B153-MOD(WEEKDAY(B153,2)-3,7)) -> 46162 | K153: =IF(AND(B153>='План недели'!$B$4,B153<'План недели'!$D$4,D153<>"",G153<>"Отменён"),COUNTIFS($B$5:B153,">="&'План недели'!$B$4,$B$5:B153,"<"&'План недели'!$D$4,$D$5:D153,"<>",$G$5:G153,"<>Отменён"),"")
A154: =IF(B154="","","VIS_"&(YEAR(B154)*10000+MONTH(B154)*100+DAY(B154))&"_"&IF(COUNTIF($B$5:B154,B154)<10,"00"&COUNTIF($B$5:B154,B154),IF(COUNTIF($B$5:B154,B154)<100,"0"&COUNTIF($B$5:B154,B154),COUNTIF($B$5:B154,B154)))) -> VIS_20260521_002 | B154: 46163 | C154: =IF(B154="","",CHOOSE(WEEKDAY(B154,2),"Пн","Вт","Ср","Чт","Пт","Сб","Вс")) -> Чт | D154: Пл.12 РАЛ | E154: Сафонов М.С. | F154: Фотопанорамная съёмка | G154: Выполнен | H154: Съёмка всех площадок РАЛ и МБЛ | I154: 24 | J154: =IF(B154="","",B154-MOD(WEEKDAY(B154,2)-3,7)) -> 46162 | K154: =IF(AND(B154>='План недели'!$B$4,B154<'План недели'!$D$4,D154<>"",G154<>"Отменён"),COUNTIFS($B$5:B154,">="&'План недели'!$B$4,$B$5:B154,"<"&'План недели'!$D$4,$D$5:D154,"<>",$G$5:G154,"<>Отменён"),"")
A155: =IF(B155="","","VIS_"&(YEAR(B155)*10000+MONTH(B155)*100+DAY(B155))&"_"&IF(COUNTIF($B$5:B155,B155)<10,"00"&COUNTIF($B$5:B155,B155),IF(COUNTIF($B$5:B155,B155)<100,"0"&COUNTIF($B$5:B155,B155),COUNTIF($B$5:B155,B155)))) -> VIS_20260521_003 | B155: 46163 | C155: =IF(B155="","",CHOOSE(WEEKDAY(B155,2),"Пн","Вт","Ср","Чт","Пт","Сб","Вс")) -> Чт | D155: Пл.13 РАЛ | E155: Сафонов М.С. | F155: Фотопанорамная съёмка | G155: Выполнен | H155: Съёмка всех площадок РАЛ и МБЛ | I155: 22 | J155: =IF(B155="","",B155-MOD(WEEKDAY(B155,2)-3,7)) -> 46162 | K155: =IF(AND(B155>='План недели'!$B$4,B155<'План недели'!$D$4,D155<>"",G155<>"Отменён"),COUNTIFS($B$5:B155,">="&'План недели'!$B$4,$B$5:B155,"<"&'План недели'!$D$4,$D$5:D155,"<>",$G$5:G155,"<>Отменён"),"")
A156: =IF(B156="","","VIS_"&(YEAR(B156)*10000+MONTH(B156)*100+DAY(B156))&"_"&IF(COUNTIF($B$5:B156,B156)<10,"00"&COUNTIF($B$5:B156,B156),IF(COUNTIF($B$5:B156,B156)<100,"0"&COUNTIF($B$5:B156,B156),COUNTIF($B$5:B156,B156)))) -> VIS_20260521_004 | B156: 46163 | C156: =IF(B156="","",CHOOSE(WEEKDAY(B156,2),"Пн","Вт","Ср","Чт","Пт","Сб","Вс")) -> Чт | D156: Пл.14 РАЛ | E156: Сафонов М.С. | F156: Фотопанорамная съёмка | G156: Выполнен | H156: Съёмка всех площадок РАЛ и МБЛ | I156: 16 | J156: =IF(B156="","",B156-MOD(WEEKDAY(B156,2)-3,7)) -> 46162 | K156: =IF(AND(B156>='План недели'!$B$4,B156<'План недели'!$D$4,D156<>"",G156<>"Отменён"),COUNTIFS($B$5:B156,">="&'План недели'!$B$4,$B$5:B156,"<"&'План недели'!$D$4,$D$5:D156,"<>",$G$5:G156,"<>Отменён"),"")
A157: =IF(B157="","","VIS_"&(YEAR(B157)*10000+MONTH(B157)*100+DAY(B157))&"_"&IF(COUNTIF($B$5:B157,B157)<10,"00"&COUNTIF($B$5:B157,B157),IF(COUNTIF($B$5:B157,B157)<100,"0"&COUNTIF($B$5:B157,B157),COUNTIF($B$5:B157,B157)))) -> VIS_20260521_005 | B157: 46163 | C157: =IF(B157="","",CHOOSE(WEEKDAY(B157,2),"Пн","Вт","Ср","Чт","Пт","Сб","Вс")) -> Чт | D157: Пл.№1а | E157: Сафонов М.С. | F157: Фотопанорамная съёмка | G157: Выполнен | H157: Съёмка всех площадок РАЛ и МБЛ | I157: 24 | J157: =IF(B157="","",B157-MOD(WEEKDAY(B157,2)-3,7)) -> 46162 | K157: =IF(AND(B157>='План недели'!$B$4,B157<'План недели'!$D$4,D157<>"",G157<>"Отменён"),COUNTIFS($B$5:B157,">="&'План недели'!$B$4,$B$5:B157,"<"&'План недели'!$D$4,$D$5:D157,"<>",$G$5:G157,"<>Отменён"),"")
A158: =IF(B158="","","VIS_"&(YEAR(B158)*10000+MONTH(B158)*100+DAY(B158))&"_"&IF(COUNTIF($B$5:B158,B158)<10,"00"&COUNTIF($B$5:B158,B158),IF(COUNTIF($B$5:B158,B158)<100,"0"&COUNTIF($B$5:B158,B158),COUNTIF($B$5:B158,B158)))) -> VIS_20260521_006 | B158: 46163 | C158: =IF(B158="","",CHOOSE(WEEKDAY(B158,2),"Пн","Вт","Ср","Чт","Пт","Сб","Вс")) -> Чт | D158: Пл.№2а | E158: Сафонов М.С. | F158: Фотопанорамная съёмка | G158: Выполнен | H158: Съёмка всех площадок РАЛ и МБЛ | I158: 19 | J158: =IF(B158="","",B158-MOD(WEEKDAY(B158,2)-3,7)) -> 46162 | K158: =IF(AND(B158>='План недели'!$B$4,B158<'План недели'!$D$4,D158<>"",G158<>"Отменён"),COUNTIFS($B$5:B158,">="&'План недели'!$B$4,$B$5:B158,"<"&'План недели'!$D$4,$D$5:D158,"<>",$G$5:G158,"<>Отменён"),"")
A159: =IF(B159="","","VIS_"&(YEAR(B159)*10000+MONTH(B159)*100+DAY(B159))&"_"&IF(COUNTIF($B$5:B159,B159)<10,"00"&COUNTIF($B$5:B159,B159),IF(COUNTIF($B$5:B159,B159)<100,"0"&COUNTIF($B$5:B159,B159),COUNTIF($B$5:B159,B159)))) -> VIS_20260521_007 | B159: 46163 | C159: =IF(B159="","",CHOOSE(WEEKDAY(B159,2),"Пн","Вт","Ср","Чт","Пт","Сб","Вс")) -> Чт | D159: Пл.№2б | E159: Сафонов М.С. | F159: Фотопанорамная съёмка | G159: Выполнен | H159: Съёмка всех площадок РАЛ и МБЛ | I159: 31 | J159: =IF(B159="","",B159-MOD(WEEKDAY(B159,2)-3,7)) -> 46162 | K159: =IF(AND(B159>='План недели'!$B$4,B159<'План недели'!$D$4,D159<>"",G159<>"Отменён"),COUNTIFS($B$5:B159,">="&'План недели'!$B$4,$B$5:B159,"<"&'План недели'!$D$4,$D$5:D159,"<>",$G$5:G159,"<>Отменён"),"")
A160: =IF(B160="","","VIS_"&(YEAR(B160)*10000+MONTH(B160)*100+DAY(B160))&"_"&IF(COUNTIF($B$5:B160,B160)<10,"00"&COUNTIF($B$5:B160,B160),IF(COUNTIF($B$5:B160,B160)<100,"0"&COUNTIF($B$5:B160,B160),COUNTIF($B$5:B160,B160)))) -> VIS_20260522_001 | B160: 46164 | C160: =IF(B160="","",CHOOSE(WEEKDAY(B160,2),"Пн","Вт","Ср","Чт","Пт","Сб","Вс")) -> Пт | D160: Ленинградский вокзал | E160: Сафонов М.С. | F160: Фотопанорамная съёмка | G160: Выполнен | I160: 557 | J160: =IF(B160="","",B160-MOD(WEEKDAY(B160,2)-3,7)) -> 46162 | K160: =IF(AND(B160>='План недели'!$B$4,B160<'План недели'!$D$4,D160<>"",G160<>"Отменён"),COUNTIFS($B$5:B160,">="&'План недели'!$B$4,$B$5:B160,"<"&'План недели'!$D$4,$D$5:D160,"<>",$G$5:G160,"<>Отменён"),"")
A161: =IF(B161="","","VIS_"&(YEAR(B161)*10000+MONTH(B161)*100+DAY(B161))&"_"&IF(COUNTIF($B$5:B161,B161)<10,"00"&COUNTIF($B$5:B161,B161),IF(COUNTIF($B$5:B161,B161)<100,"0"&COUNTIF($B$5:B161,B161),COUNTIF($B$5:B161,B161)))) -> VIS_20260523_001 | B161: 46165 | C161: =IF(B161="","",CHOOSE(WEEKDAY(B161,2),"Пн","Вт","Ср","Чт","Пт","Сб","Вс")) -> Сб | J161: =IF(B161="","",B161-MOD(WEEKDAY(B161,2)-3,7)) -> 46162 | K161: =IF(AND(B161>='План недели'!$B$4,B161<'План недели'!$D$4,D161<>"",G161<>"Отменён"),COUNTIFS($B$5:B161,">="&'План недели'!$B$4,$B$5:B161,"<"&'План недели'!$D$4,$D$5:D161,"<>",$G$5:G161,"<>Отменён"),"")
A162: =IF(B162="","","VIS_"&(YEAR(B162)*10000+MONTH(B162)*100+DAY(B162))&"_"&IF(COUNTIF($B$5:B162,B162)<10,"00"&COUNTIF($B$5:B162,B162),IF(COUNTIF($B$5:B162,B162)<100,"0"&COUNTIF($B$5:B162,B162),COUNTIF($B$5:B162,B162)))) -> VIS_20260524_001 | B162: 46166 | C162: =IF(B162="","",CHOOSE(WEEKDAY(B162,2),"Пн","Вт","Ср","Чт","Пт","Сб","Вс")) -> Вс | J162: =IF(B162="","",B162-MOD(WEEKDAY(B162,2)-3,7)) -> 46162 | K162: =IF(AND(B162>='План недели'!$B$4,B162<'План недели'!$D$4,D162<>"",G162<>"Отменён"),COUNTIFS($B$5:B162,">="&'План недели'!$B$4,$B$5:B162,"<"&'План недели'!$D$4,$D$5:D162,"<>",$G$5:G162,"<>Отменён"),"")
A163: =IF(B163="","","VIS_"&(YEAR(B163)*10000+MONTH(B163)*100+DAY(B163))&"_"&IF(COUNTIF($B$5:B163,B163)<10,"00"&COUNTIF($B$5:B163,B163),IF(COUNTIF($B$5:B163,B163)<100,"0"&COUNTIF($B$5:B163,B163),COUNTIF($B$5:B163,B163)))) -> VIS_20260525_001 | B163: 46167 | C163: =IF(B163="","",CHOOSE(WEEKDAY(B163,2),"Пн","Вт","Ср","Чт","Пт","Сб","Вс")) -> Пн | D163: Ленинградский вокзал | E163: Струков Д.М. | F163: Фотопанорамная съёмка | G163: Выполнен | I163: 557 | J163: =IF(B163="","",B163-MOD(WEEKDAY(B163,2)-3,7)) -> 46162 | K163: =IF(AND(B163>='План недели'!$B$4,B163<'План недели'!$D$4,D163<>"",G163<>"Отменён"),COUNTIFS($B$5:B163,">="&'План недели'!$B$4,$B$5:B163,"<"&'План недели'!$D$4,$D$5:D163,"<>",$G$5:G163,"<>Отменён"),"")
A164: =IF(B164="","","VIS_"&(YEAR(B164)*10000+MONTH(B164)*100+DAY(B164))&"_"&IF(COUNTIF($B$5:B164,B164)<10,"00"&COUNTIF($B$5:B164,B164),IF(COUNTIF($B$5:B164,B164)<100,"0"&COUNTIF($B$5:B164,B164),COUNTIF($B$5:B164,B164)))) -> VIS_20260526_001 | B164: 46168 | C164: =IF(B164="","",CHOOSE(WEEKDAY(B164,2),"Пн","Вт","Ср","Чт","Пт","Сб","Вс")) -> Вт | D164: ст. Карамышевская | E164: Струков Д.М. | F164: Фотопанорамная съёмка | G164: Выполнен | I164: 445 | J164: =IF(B164="","",B164-MOD(WEEKDAY(B164,2)-3,7)) -> 46162 | K164: =IF(AND(B164>='План недели'!$B$4,B164<'План недели'!$D$4,D164<>"",G164<>"Отменён"),COUNTIFS($B$5:B164,">="&'План недели'!$B$4,$B$5:B164,"<"&'План недели'!$D$4,$D$5:D164,"<>",$G$5:G164,"<>Отменён"),"")
A165: =IF(B165="","","VIS_"&(YEAR(B165)*10000+MONTH(B165)*100+DAY(B165))&"_"&IF(COUNTIF($B$5:B165,B165)<10,"00"&COUNTIF($B$5:B165,B165),IF(COUNTIF($B$5:B165,B165)<100,"0"&COUNTIF($B$5:B165,B165),COUNTIF($B$5:B165,B165)))) -> VIS_20260527_001 | B165: 46169 | C165: =IF(B165="","",CHOOSE(WEEKDAY(B165,2),"Пн","Вт","Ср","Чт","Пт","Сб","Вс")) -> Ср | D165: Ленинградский вокзал | E165: Струков Д.М. | F165: Фотопанорамная съёмка | G165: Выполнен | I165: 557 | J165: =IF(B165="","",B165-MOD(WEEKDAY(B165,2)-3,7)) -> 46169 | K165: =IF(AND(B165>='План недели'!$B$4,B165<'План недели'!$D$4,D165<>"",G165<>"Отменён"),COUNTIFS($B$5:B165,">="&'План недели'!$B$4,$B$5:B165,"<"&'План недели'!$D$4,$D$5:D165,"<>",$G$5:G165,"<>Отменён"),"")
A166: =IF(B166="","","VIS_"&(YEAR(B166)*10000+MONTH(B166)*100+DAY(B166))&"_"&IF(COUNTIF($B$5:B166,B166)<10,"00"&COUNTIF($B$5:B166,B166),IF(COUNTIF($B$5:B166,B166)<100,"0"&COUNTIF($B$5:B166,B166),COUNTIF($B$5:B166,B166)))) -> VIS_20260528_001 | B166: 46170 | C166: =IF(B166="","",CHOOSE(WEEKDAY(B166,2),"Пн","Вт","Ср","Чт","Пт","Сб","Вс")) -> Чт | D166: ст. Остров мечты | E166: Струков Д.М. | F166: Фотопанорамная съёмка | G166: Выполнен | I166: 355 | J166: =IF(B166="","",B166-MOD(WEEKDAY(B166,2)-3,7)) -> 46169 | K166: =IF(AND(B166>='План недели'!$B$4,B166<'План недели'!$D$4,D166<>"",G166<>"Отменён"),COUNTIFS($B$5:B166,">="&'План недели'!$B$4,$B$5:B166,"<"&'План недели'!$D$4,$D$5:D166,"<>",$G$5:G166,"<>Отменён"),"")
A167: =IF(B167="","","VIS_"&(YEAR(B167)*10000+MONTH(B167)*100+DAY(B167))&"_"&IF(COUNTIF($B$5:B167,B167)<10,"00"&COUNTIF($B$5:B167,B167),IF(COUNTIF($B$5:B167,B167)<100,"0"&COUNTIF($B$5:B167,B167),COUNTIF($B$5:B167,B167)))) -> VIS_20260529_001 | B167: 46171 | C167: =IF(B167="","",CHOOSE(WEEKDAY(B167,2),"Пн","Вт","Ср","Чт","Пт","Сб","Вс")) -> Пт | D167: Ленинградский вокзал | E167: Струков Д.М. | F167: Фотопанорамная съёмка | G167: Выполнен | I167: 557 | J167: =IF(B167="","",B167-MOD(WEEKDAY(B167,2)-3,7)) -> 46169 | K167: =IF(AND(B167>='План недели'!$B$4,B167<'План недели'!$D$4,D167<>"",G167<>"Отменён"),COUNTIFS($B$5:B167,">="&'План недели'!$B$4,$B$5:B167,"<"&'План недели'!$D$4,$D$5:D167,"<>",$G$5:G167,"<>Отменён"),"")
A168: =IF(B168="","","VIS_"&(YEAR(B168)*10000+MONTH(B168)*100+DAY(B168))&"_"&IF(COUNTIF($B$5:B168,B168)<10,"00"&COUNTIF($B$5:B168,B168),IF(COUNTIF($B$5:B168,B168)<100,"0"&COUNTIF($B$5:B168,B168),COUNTIF($B$5:B168,B168)))) -> VIS_20260530_001 | B168: 46172 | C168: =IF(B168="","",CHOOSE(WEEKDAY(B168,2),"Пн","Вт","Ср","Чт","Пт","Сб","Вс")) -> Сб | J168: =IF(B168="","",B168-MOD(WEEKDAY(B168,2)-3,7)) -> 46169 | K168: =IF(AND(B168>='План недели'!$B$4,B168<'План недели'!$D$4,D168<>"",G168<>"Отменён"),COUNTIFS($B$5:B168,">="&'План недели'!$B$4,$B$5:B168,"<"&'План недели'!$D$4,$D$5:D168,"<>",$G$5:G168,"<>Отменён"),"")
A169: =IF(B169="","","VIS_"&(YEAR(B169)*10000+MONTH(B169)*100+DAY(B169))&"_"&IF(COUNTIF($B$5:B169,B169)<10,"00"&COUNTIF($B$5:B169,B169),IF(COUNTIF($B$5:B169,B169)<100,"0"&COUNTIF($B$5:B169,B169),COUNTIF($B$5:B169,B169)))) -> VIS_20260531_001 | B169: 46173 | C169: =IF(B169="","",CHOOSE(WEEKDAY(B169,2),"Пн","Вт","Ср","Чт","Пт","Сб","Вс")) -> Вс | J169: =IF(B169="","",B169-MOD(WEEKDAY(B169,2)-3,7)) -> 46169 | K169: =IF(AND(B169>='План недели'!$B$4,B169<'План недели'!$D$4,D169<>"",G169<>"Отменён"),COUNTIFS($B$5:B169,">="&'План недели'!$B$4,$B$5:B169,"<"&'План недели'!$D$4,$D$5:D169,"<>",$G$5:G169,"<>Отменён"),"")
A170: =IF(B170="","","VIS_"&(YEAR(B170)*10000+MONTH(B170)*100+DAY(B170))&"_"&IF(COUNTIF($B$5:B170,B170)<10,"00"&COUNTIF($B$5:B170,B170),IF(COUNTIF($B$5:B170,B170)<100,"0"&COUNTIF($B$5:B170,B170),COUNTIF($B$5:B170,B170)))) -> VIS_20260601_001 | B170: 46174 | C170: =IF(B170="","",CHOOSE(WEEKDAY(B170,2),"Пн","Вт","Ср","Чт","Пт","Сб","Вс")) -> Пн | D170: Ленинградский вокзал | E170: Сафонов М.С. | F170: Фотопанорамная съёмка | G170: Выполнен | I170: 557 | J170: =IF(B170="","",B170-MOD(WEEKDAY(B170,2)-3,7)) -> 46169 | K170: =IF(AND(B170>='План недели'!$B$4,B170<'План недели'!$D$4,D170<>"",G170<>"Отменён"),COUNTIFS($B$5:B170,">="&'План недели'!$B$4,$B$5:B170,"<"&'План недели'!$D$4,$D$5:D170,"<>",$G$5:G170,"<>Отменён"),"")
A171: =IF(B171="","","VIS_"&(YEAR(B171)*10000+MONTH(B171)*100+DAY(B171))&"_"&IF(COUNTIF($B$5:B171,B171)<10,"00"&COUNTIF($B$5:B171,B171),IF(COUNTIF($B$5:B171,B171)<100,"0"&COUNTIF($B$5:B171,B171),COUNTIF($B$5:B171,B171)))) -> VIS_20260602_001 | B171: 46175 | C171: =IF(B171="","",CHOOSE(WEEKDAY(B171,2),"Пн","Вт","Ср","Чт","Пт","Сб","Вс")) -> Вт | D171: ст. Бульвар Генерала Карбышева | E171: Сафонов М.С. | F171: Фотопанорамная съёмка | G171: Выполнен | I171: 200 | J171: =IF(B171="","",B171-MOD(WEEKDAY(B171,2)-3,7)) -> 46169 | K171: =IF(AND(B171>='План недели'!$B$4,B171<'План недели'!$D$4,D171<>"",G171<>"Отменён"),COUNTIFS($B$5:B171,">="&'План недели'!$B$4,$B$5:B171,"<"&'План недели'!$D$4,$D$5:D171,"<>",$G$5:G171,"<>Отменён"),"")
A172: =IF(B172="","","VIS_"&(YEAR(B172)*10000+MONTH(B172)*100+DAY(B172))&"_"&IF(COUNTIF($B$5:B172,B172)<10,"00"&COUNTIF($B$5:B172,B172),IF(COUNTIF($B$5:B172,B172)<100,"0"&COUNTIF($B$5:B172,B172),COUNTIF($B$5:B172,B172)))) -> VIS_20260603_001 | B172: 46176 | C172: =IF(B172="","",CHOOSE(WEEKDAY(B172,2),"Пн","Вт","Ср","Чт","Пт","Сб","Вс")) -> Ср | D172: Ленинградский вокзал | E172: Сафонов М.С. | F172: Фотопанорамная съёмка | G172: Выполнен | I172: 557 | J172: =IF(B172="","",B172-MOD(WEEKDAY(B172,2)-3,7)) -> 46176 | K172: =IF(AND(B172>='План недели'!$B$4,B172<'План недели'!$D$4,D172<>"",G172<>"Отменён"),COUNTIFS($B$5:B172,">="&'План недели'!$B$4,$B$5:B172,"<"&'План недели'!$D$4,$D$5:D172,"<>",$G$5:G172,"<>Отменён"),"")
A173: =IF(B173="","","VIS_"&(YEAR(B173)*10000+MONTH(B173)*100+DAY(B173))&"_"&IF(COUNTIF($B$5:B173,B173)<10,"00"&COUNTIF($B$5:B173,B173),IF(COUNTIF($B$5:B173,B173)<100,"0"&COUNTIF($B$5:B173,B173),COUNTIF($B$5:B173,B173)))) -> VIS_20260604_001 | B173: 46177 | C173: =IF(B173="","",CHOOSE(WEEKDAY(B173,2),"Пн","Вт","Ср","Чт","Пт","Сб","Вс")) -> Чт | D173: ст. ЗИЛ | E173: Сафонов М.С. | F173: Фотопанорамная съёмка | G173: Выполнен | I173: 194 | J173: =IF(B173="","",B173-MOD(WEEKDAY(B173,2)-3,7)) -> 46176 | K173: =IF(AND(B173>='План недели'!$B$4,B173<'План недели'!$D$4,D173<>"",G173<>"Отменён"),COUNTIFS($B$5:B173,">="&'План недели'!$B$4,$B$5:B173,"<"&'План недели'!$D$4,$D$5:D173,"<>",$G$5:G173,"<>Отменён"),"")
A174: =IF(B174="","","VIS_"&(YEAR(B174)*10000+MONTH(B174)*100+DAY(B174))&"_"&IF(COUNTIF($B$5:B174,B174)<10,"00"&COUNTIF($B$5:B174,B174),IF(COUNTIF($B$5:B174,B174)<100,"0"&COUNTIF($B$5:B174,B174),COUNTIF($B$5:B174,B174)))) -> VIS_20260605_001 | B174: 46178 | C174: =IF(B174="","",CHOOSE(WEEKDAY(B174,2),"Пн","Вт","Ср","Чт","Пт","Сб","Вс")) -> Пт | D174: Ленинградский вокзал | E174: Сафонов М.С. | F174: Фотопанорамная съёмка | G174: Выполнен | I174: 557 | J174: =IF(B174="","",B174-MOD(WEEKDAY(B174,2)-3,7)) -> 46176 | K174: =IF(AND(B174>='План недели'!$B$4,B174<'План недели'!$D$4,D174<>"",G174<>"Отменён"),COUNTIFS($B$5:B174,">="&'План недели'!$B$4,$B$5:B174,"<"&'План недели'!$D$4,$D$5:D174,"<>",$G$5:G174,"<>Отменён"),"")
A175: =IF(B175="","","VIS_"&(YEAR(B175)*10000+MONTH(B175)*100+DAY(B175))&"_"&IF(COUNTIF($B$5:B175,B175)<10,"00"&COUNTIF($B$5:B175,B175),IF(COUNTIF($B$5:B175,B175)<100,"0"&COUNTIF($B$5:B175,B175),COUNTIF($B$5:B175,B175)))) -> VIS_20260606_001 | B175: 46179 | C175: =IF(B175="","",CHOOSE(WEEKDAY(B175,2),"Пн","Вт","Ср","Чт","Пт","Сб","Вс")) -> Сб | J175: =IF(B175="","",B175-MOD(WEEKDAY(B175,2)-3,7)) -> 46176 | K175: =IF(AND(B175>='План недели'!$B$4,B175<'План недели'!$D$4,D175<>"",G175<>"Отменён"),COUNTIFS($B$5:B175,">="&'План недели'!$B$4,$B$5:B175,"<"&'План недели'!$D$4,$D$5:D175,"<>",$G$5:G175,"<>Отменён"),"")
A176: =IF(B176="","","VIS_"&(YEAR(B176)*10000+MONTH(B176)*100+DAY(B176))&"_"&IF(COUNTIF($B$5:B176,B176)<10,"00"&COUNTIF($B$5:B176,B176),IF(COUNTIF($B$5:B176,B176)<100,"0"&COUNTIF($B$5:B176,B176),COUNTIF($B$5:B176,B176)))) -> VIS_20260607_001 | B176: 46180 | C176: =IF(B176="","",CHOOSE(WEEKDAY(B176,2),"Пн","Вт","Ср","Чт","Пт","Сб","Вс")) -> Вс | J176: =IF(B176="","",B176-MOD(WEEKDAY(B176,2)-3,7)) -> 46176 | K176: =IF(AND(B176>='План недели'!$B$4,B176<'План недели'!$D$4,D176<>"",G176<>"Отменён"),COUNTIFS($B$5:B176,">="&'План недели'!$B$4,$B$5:B176,"<"&'План недели'!$D$4,$D$5:D176,"<>",$G$5:G176,"<>Отменён"),"")
A177: =IF(B177="","","VIS_"&(YEAR(B177)*10000+MONTH(B177)*100+DAY(B177))&"_"&IF(COUNTIF($B$5:B177,B177)<10,"00"&COUNTIF($B$5:B177,B177),IF(COUNTIF($B$5:B177,B177)<100,"0"&COUNTIF($B$5:B177,B177),COUNTIF($B$5:B177,B177)))) -> VIS_20260608_001 | B177: 46181 | C177: =IF(B177="","",CHOOSE(WEEKDAY(B177,2),"Пн","Вт","Ср","Чт","Пт","Сб","Вс")) -> Пн | D177: Ленинградский вокзал | E177: Сафонов М.С. | F177: Фотопанорамная съёмка | G177: Выполнен | I177: 557 | J177: =IF(B177="","",B177-MOD(WEEKDAY(B177,2)-3,7)) -> 46176 | K177: =IF(AND(B177>='План недели'!$B$4,B177<'План недели'!$D$4,D177<>"",G177<>"Отменён"),COUNTIFS($B$5:B177,">="&'План недели'!$B$4,$B$5:B177,"<"&'План недели'!$D$4,$D$5:D177,"<>",$G$5:G177,"<>Отменён"),"")
A178: =IF(B178="","","VIS_"&(YEAR(B178)*10000+MONTH(B178)*100+DAY(B178))&"_"&IF(COUNTIF($B$5:B178,B178)<10,"00"&COUNTIF($B$5:B178,B178),IF(COUNTIF($B$5:B178,B178)<100,"0"&COUNTIF($B$5:B178,B178),COUNTIF($B$5:B178,B178)))) -> VIS_20260609_001 | B178: 46182 | C178: =IF(B178="","",CHOOSE(WEEKDAY(B178,2),"Пн","Вт","Ср","Чт","Пт","Сб","Вс")) -> Вт | D178: ст. Звенигородская | E178: Сафонов М.С. | F178: Фотопанорамная съёмка | G178: Выполнен | I178: 366 | J178: =IF(B178="","",B178-MOD(WEEKDAY(B178,2)-3,7)) -> 46176 | K178: =IF(AND(B178>='План недели'!$B$4,B178<'План недели'!$D$4,D178<>"",G178<>"Отменён"),COUNTIFS($B$5:B178,">="&'План недели'!$B$4,$B$5:B178,"<"&'План недели'!$D$4,$D$5:D178,"<>",$G$5:G178,"<>Отменён"),"")
A179: =IF(B179="","","VIS_"&(YEAR(B179)*10000+MONTH(B179)*100+DAY(B179))&"_"&IF(COUNTIF($B$5:B179,B179)<10,"00"&COUNTIF($B$5:B179,B179),IF(COUNTIF($B$5:B179,B179)<100,"0"&COUNTIF($B$5:B179,B179),COUNTIF($B$5:B179,B179)))) -> VIS_20260609_002 | B179: 46182 | C179: =IF(B179="","",CHOOSE(WEEKDAY(B179,2),"Пн","Вт","Ср","Чт","Пт","Сб","Вс")) -> Вт | D179: Пл.10 РАЛ | E179: Сафонов М.С. | F179: Фотопанорамная съёмка | G179: Выполнен | I179: 15 | J179: =IF(B179="","",B179-MOD(WEEKDAY(B179,2)-3,7)) -> 46176 | K179: =IF(AND(B179>='План недели'!$B$4,B179<'План недели'!$D$4,D179<>"",G179<>"Отменён"),COUNTIFS($B$5:B179,">="&'План недели'!$B$4,$B$5:B179,"<"&'План недели'!$D$4,$D$5:D179,"<>",$G$5:G179,"<>Отменён"),"")
A180: =IF(B180="","","VIS_"&(YEAR(B180)*10000+MONTH(B180)*100+DAY(B180))&"_"&IF(COUNTIF($B$5:B180,B180)<10,"00"&COUNTIF($B$5:B180,B180),IF(COUNTIF($B$5:B180,B180)<100,"0"&COUNTIF($B$5:B180,B180),COUNTIF($B$5:B180,B180)))) -> VIS_20260610_001 | B180: 46183 | C180: =IF(B180="","",CHOOSE(WEEKDAY(B180,2),"Пн","Вт","Ср","Чт","Пт","Сб","Вс")) -> Ср | D180: Ленинградский вокзал | E180: Сафонов М.С. | F180: Фотопанорамная съёмка | G180: Выполнен | I180: 557 | J180: =IF(B180="","",B180-MOD(WEEKDAY(B180,2)-3,7)) -> 46183 | K180: =IF(AND(B180>='План недели'!$B$4,B180<'План недели'!$D$4,D180<>"",G180<>"Отменён"),COUNTIFS($B$5:B180,">="&'План недели'!$B$4,$B$5:B180,"<"&'План недели'!$D$4,$D$5:D180,"<>",$G$5:G180,"<>Отменён"),"")
A181: =IF(B181="","","VIS_"&(YEAR(B181)*10000+MONTH(B181)*100+DAY(B181))&"_"&IF(COUNTIF($B$5:B181,B181)<10,"00"&COUNTIF($B$5:B181,B181),IF(COUNTIF($B$5:B181,B181)<100,"0"&COUNTIF($B$5:B181,B181),COUNTIF($B$5:B181,B181)))) -> VIS_20260611_001 | B181: 46184 | C181: =IF(B181="","",CHOOSE(WEEKDAY(B181,2),"Пн","Вт","Ср","Чт","Пт","Сб","Вс")) -> Чт | D181: Пл.10 РАЛ | E181: Сафонов М.С. | F181: Фотопанорамная съёмка | G181: Выполнен | H181: Съёмка всех площадок РАЛ и МБЛ | I181: 15 | J181: =IF(B181="","",B181-MOD(WEEKDAY(B181,2)-3,7)) -> 46183 | K181: =IF(AND(B181>='План недели'!$B$4,B181<'План недели'!$D$4,D181<>"",G181<>"Отменён"),COUNTIFS($B$5:B181,">="&'План недели'!$B$4,$B$5:B181,"<"&'План недели'!$D$4,$D$5:D181,"<>",$G$5:G181,"<>Отменён"),"")
A182: =IF(B182="","","VIS_"&(YEAR(B182)*10000+MONTH(B182)*100+DAY(B182))&"_"&IF(COUNTIF($B$5:B182,B182)<10,"00"&COUNTIF($B$5:B182,B182),IF(COUNTIF($B$5:B182,B182)<100,"0"&COUNTIF($B$5:B182,B182),COUNTIF($B$5:B182,B182)))) -> VIS_20260611_002 | B182: 46184 | C182: =IF(B182="","",CHOOSE(WEEKDAY(B182,2),"Пн","Вт","Ср","Чт","Пт","Сб","Вс")) -> Чт | D182: Пл.12 РАЛ | E182: Сафонов М.С. | F182: Фотопанорамная съёмка | G182: Выполнен | H182: Съёмка всех площадок РАЛ и МБЛ | I182: 24 | J182: =IF(B182="","",B182-MOD(WEEKDAY(B182,2)-3,7)) -> 46183 | K182: =IF(AND(B182>='План недели'!$B$4,B182<'План недели'!$D$4,D182<>"",G182<>"Отменён"),COUNTIFS($B$5:B182,">="&'План недели'!$B$4,$B$5:B182,"<"&'План недели'!$D$4,$D$5:D182,"<>",$G$5:G182,"<>Отменён"),"")
A183: =IF(B183="","","VIS_"&(YEAR(B183)*10000+MONTH(B183)*100+DAY(B183))&"_"&IF(COUNTIF($B$5:B183,B183)<10,"00"&COUNTIF($B$5:B183,B183),IF(COUNTIF($B$5:B183,B183)<100,"0"&COUNTIF($B$5:B183,B183),COUNTIF($B$5:B183,B183)))) -> VIS_20260611_003 | B183: 46184 | C183: =IF(B183="","",CHOOSE(WEEKDAY(B183,2),"Пн","Вт","Ср","Чт","Пт","Сб","Вс")) -> Чт | D183: Пл.13 РАЛ | E183: Сафонов М.С. | F183: Фотопанорамная съёмка | G183: Выполнен | H183: Съёмка всех площадок РАЛ и МБЛ | I183: 22 | J183: =IF(B183="","",B183-MOD(WEEKDAY(B183,2)-3,7)) -> 46183 | K183: =IF(AND(B183>='План недели'!$B$4,B183<'План недели'!$D$4,D183<>"",G183<>"Отменён"),COUNTIFS($B$5:B183,">="&'План недели'!$B$4,$B$5:B183,"<"&'План недели'!$D$4,$D$5:D183,"<>",$G$5:G183,"<>Отменён"),"")
A184: =IF(B184="","","VIS_"&(YEAR(B184)*10000+MONTH(B184)*100+DAY(B184))&"_"&IF(COUNTIF($B$5:B184,B184)<10,"00"&COUNTIF($B$5:B184,B184),IF(COUNTIF($B$5:B184,B184)<100,"0"&COUNTIF($B$5:B184,B184),COUNTIF($B$5:B184,B184)))) -> VIS_20260611_004 | B184: 46184 | C184: =IF(B184="","",CHOOSE(WEEKDAY(B184,2),"Пн","Вт","Ср","Чт","Пт","Сб","Вс")) -> Чт | D184: Пл.14 РАЛ | E184: Сафонов М.С. | F184: Фотопанорамная съёмка | G184: Выполнен | H184: Съёмка всех площадок РАЛ и МБЛ | I184: 16 | J184: =IF(B184="","",B184-MOD(WEEKDAY(B184,2)-3,7)) -> 46183 | K184: =IF(AND(B184>='План недели'!$B$4,B184<'План недели'!$D$4,D184<>"",G184<>"Отменён"),COUNTIFS($B$5:B184,">="&'План недели'!$B$4,$B$5:B184,"<"&'План недели'!$D$4,$D$5:D184,"<>",$G$5:G184,"<>Отменён"),"")
A185: =IF(B185="","","VIS_"&(YEAR(B185)*10000+MONTH(B185)*100+DAY(B185))&"_"&IF(COUNTIF($B$5:B185,B185)<10,"00"&COUNTIF($B$5:B185,B185),IF(COUNTIF($B$5:B185,B185)<100,"0"&COUNTIF($B$5:B185,B185),COUNTIF($B$5:B185,B185)))) -> VIS_20260611_005 | B185: 46184 | C185: =IF(B185="","",CHOOSE(WEEKDAY(B185,2),"Пн","Вт","Ср","Чт","Пт","Сб","Вс")) -> Чт | D185: Пл.№1а | E185: Сафонов М.С. | F185: Фотопанорамная съёмка | G185: Выполнен | H185: Съёмка всех площадок РАЛ и МБЛ | I185: 24 | J185: =IF(B185="","",B185-MOD(WEEKDAY(B185,2)-3,7)) -> 46183 | K185: =IF(AND(B185>='План недели'!$B$4,B185<'План недели'!$D$4,D185<>"",G185<>"Отменён"),COUNTIFS($B$5:B185,">="&'План недели'!$B$4,$B$5:B185,"<"&'План недели'!$D$4,$D$5:D185,"<>",$G$5:G185,"<>Отменён"),"")
A186: =IF(B186="","","VIS_"&(YEAR(B186)*10000+MONTH(B186)*100+DAY(B186))&"_"&IF(COUNTIF($B$5:B186,B186)<10,"00"&COUNTIF($B$5:B186,B186),IF(COUNTIF($B$5:B186,B186)<100,"0"&COUNTIF($B$5:B186,B186),COUNTIF($B$5:B186,B186)))) -> VIS_20260611_006 | B186: 46184 | C186: =IF(B186="","",CHOOSE(WEEKDAY(B186,2),"Пн","Вт","Ср","Чт","Пт","Сб","Вс")) -> Чт | D186: Пл.№2а | E186: Сафонов М.С. | F186: Фотопанорамная съёмка | G186: Выполнен | H186: Съёмка всех площадок РАЛ и МБЛ | I186: 19 | J186: =IF(B186="","",B186-MOD(WEEKDAY(B186,2)-3,7)) -> 46183 | K186: =IF(AND(B186>='План недели'!$B$4,B186<'План недели'!$D$4,D186<>"",G186<>"Отменён"),COUNTIFS($B$5:B186,">="&'План недели'!$B$4,$B$5:B186,"<"&'План недели'!$D$4,$D$5:D186,"<>",$G$5:G186,"<>Отменён"),"")
A187: =IF(B187="","","VIS_"&(YEAR(B187)*10000+MONTH(B187)*100+DAY(B187))&"_"&IF(COUNTIF($B$5:B187,B187)<10,"00"&COUNTIF($B$5:B187,B187),IF(COUNTIF($B$5:B187,B187)<100,"0"&COUNTIF($B$5:B187,B187),COUNTIF($B$5:B187,B187)))) -> VIS_20260611_007 | B187: 46184 | C187: =IF(B187="","",CHOOSE(WEEKDAY(B187,2),"Пн","Вт","Ср","Чт","Пт","Сб","Вс")) -> Чт | D187: Пл.№2б | E187: Сафонов М.С. | F187: Фотопанорамная съёмка | G187: Выполнен | H187: Съёмка всех площадок РАЛ и МБЛ | I187: 31 | J187: =IF(B187="","",B187-MOD(WEEKDAY(B187,2)-3,7)) -> 46183 | K187: =IF(AND(B187>='План недели'!$B$4,B187<'План недели'!$D$4,D187<>"",G187<>"Отменён"),COUNTIFS($B$5:B187,">="&'План недели'!$B$4,$B$5:B187,"<"&'План недели'!$D$4,$D$5:D187,"<>",$G$5:G187,"<>Отменён"),"")
A188: =IF(B188="","","VIS_"&(YEAR(B188)*10000+MONTH(B188)*100+DAY(B188))&"_"&IF(COUNTIF($B$5:B188,B188)<10,"00"&COUNTIF($B$5:B188,B188),IF(COUNTIF($B$5:B188,B188)<100,"0"&COUNTIF($B$5:B188,B188),COUNTIF($B$5:B188,B188)))) -> VIS_20260612_001 | B188: 46185 | C188: =IF(B188="","",CHOOSE(WEEKDAY(B188,2),"Пн","Вт","Ср","Чт","Пт","Сб","Вс")) -> Пт | J188: =IF(B188="","",B188-MOD(WEEKDAY(B188,2)-3,7)) -> 46183 | K188: =IF(AND(B188>='План недели'!$B$4,B188<'План недели'!$D$4,D188<>"",G188<>"Отменён"),COUNTIFS($B$5:B188,">="&'План недели'!$B$4,$B$5:B188,"<"&'План недели'!$D$4,$D$5:D188,"<>",$G$5:G188,"<>Отменён"),"")
A189: =IF(B189="","","VIS_"&(YEAR(B189)*10000+MONTH(B189)*100+DAY(B189))&"_"&IF(COUNTIF($B$5:B189,B189)<10,"00"&COUNTIF($B$5:B189,B189),IF(COUNTIF($B$5:B189,B189)<100,"0"&COUNTIF($B$5:B189,B189),COUNTIF($B$5:B189,B189)))) -> VIS_20260613_001 | B189: 46186 | C189: =IF(B189="","",CHOOSE(WEEKDAY(B189,2),"Пн","Вт","Ср","Чт","Пт","Сб","Вс")) -> Сб | J189: =IF(B189="","",B189-MOD(WEEKDAY(B189,2)-3,7)) -> 46183 | K189: =IF(AND(B189>='План недели'!$B$4,B189<'План недели'!$D$4,D189<>"",G189<>"Отменён"),COUNTIFS($B$5:B189,">="&'План недели'!$B$4,$B$5:B189,"<"&'План недели'!$D$4,$D$5:D189,"<>",$G$5:G189,"<>Отменён"),"")
A190: =IF(B190="","","VIS_"&(YEAR(B190)*10000+MONTH(B190)*100+DAY(B190))&"_"&IF(COUNTIF($B$5:B190,B190)<10,"00"&COUNTIF($B$5:B190,B190),IF(COUNTIF($B$5:B190,B190)<100,"0"&COUNTIF($B$5:B190,B190),COUNTIF($B$5:B190,B190)))) -> VIS_20260614_001 | B190: 46187 | C190: =IF(B190="","",CHOOSE(WEEKDAY(B190,2),"Пн","Вт","Ср","Чт","Пт","Сб","Вс")) -> Вс | J190: =IF(B190="","",B190-MOD(WEEKDAY(B190,2)-3,7)) -> 46183 | K190: =IF(AND(B190>='План недели'!$B$4,B190<'План недели'!$D$4,D190<>"",G190<>"Отменён"),COUNTIFS($B$5:B190,">="&'План недели'!$B$4,$B$5:B190,"<"&'План недели'!$D$4,$D$5:D190,"<>",$G$5:G190,"<>Отменён"),"")
...

Sheet Объекты
A1: Справочник объектов | B1: Справочник объектов | C1: Справочник объектов | D1: Справочник объектов | E1: Справочник объектов | F1: Справочник объектов | G1: Справочник объектов | H1: Справочник объектов | I1: Справочник объектов | J1: Справочник объектов | K1: Справочник объектов | L1: Справочник объектов | M1: Справочник объектов
A2: Жёлтый столбец «Количество точек» заполняется вручную: укажите, сколько точек снимается на каждом объекте. Ссылки и координаты остаются техническими данными дашборда. | B2: Обязательное новое поле — POINTS_COUNT: количество снимаемых точек на объекте. Жёлтые поля заполняются вручную; ссылки и координаты остаются техническими данными дашборда. | C2: Обязательное новое поле — POINTS_COUNT: количество снимаемых точек на объекте. Жёлтые поля заполняются вручную; ссылки и координаты остаются техническими данными дашборда. | D2: Обязательное новое поле — POINTS_COUNT: количество снимаемых точек на объекте. Жёлтые поля заполняются вручную; ссылки и координаты остаются техническими данными дашборда. | E2: Обязательное новое поле — POINTS_COUNT: количество снимаемых точек на объекте. Жёлтые поля заполняются вручную; ссылки и координаты остаются техническими данными дашборда. | F2: Обязательное новое поле — POINTS_COUNT: количество снимаемых точек на объекте. Жёлтые поля заполняются вручную; ссылки и координаты остаются техническими данными дашборда. | G2: Обязательное новое поле — POINTS_COUNT: количество снимаемых точек на объекте. Жёлтые поля заполняются вручную; ссылки и координаты остаются техническими данными дашборда. | H2: Обязательное новое поле — POINTS_COUNT: количество снимаемых точек на объекте. Жёлтые поля заполняются вручную; ссылки и координаты остаются техническими данными дашборда. | I2: Обязательное новое поле — POINTS_COUNT: количество снимаемых точек на объекте. Жёлтые поля заполняются вручную; ссылки и координаты остаются техническими данными дашборда. | J2: Обязательное новое поле — POINTS_COUNT: количество снимаемых точек на объекте. Жёлтые поля заполняются вручную; ссылки и координаты остаются техническими данными дашборда. | K2: Обязательное новое поле — POINTS_COUNT: количество снимаемых точек на объекте. Жёлтые поля заполняются вручную; ссылки и координаты остаются техническими данными дашборда. | L2: Обязательное новое поле — POINTS_COUNT: количество снимаемых точек на объекте. Жёлтые поля заполняются вручную; ссылки и координаты остаются техническими данными дашборда. | M2: Обязательное новое поле — POINTS_COUNT: количество снимаемых точек на объекте. Жёлтые поля заполняются вручную; ссылки и координаты остаются техническими данными дашборда.
A4: OBJECT_ID | B4: OBJECT_NAME | C4: POINTS_COUNT | D4: OBJECT_GROUP | E4: OBJECT_TYPE | F4: ADDRESS | G4: LATITUDE | H4: LONGITUDE | I4: YANDEX_MAP_URL | J4: ALBUM_URL | K4: PHOTO_PATH | L4: IS_ACTIVE | M4: COMMENT
A5: OBJ_001 | B5: Пл.10 РАЛ | C5: 15 | D5: Рублёво-Архангельская линия метрополитена. Этап 1 | E5: Линия метрополитена | G5: 55.763325 | H5: 37.516369 | I5: https://yandex.ru/maps/213/moscow/?ll=37.516952%2C55.763186&mode=whatshere&whatshere%5Bpoint%5D=37.516369%2C55.763325&whatshere%5Bzoom%5D=19.26&z=19.26 | J5: https://pa.sgnl.pro/public/album/b21ka | K5: C:\Users\tsemb\Desktop\test_photo\OBJ_001.png | L5: Да
A6: OBJ_002 | B6: Пл.12 РАЛ | C6: 24 | D6: Рублёво-Архангельская линия метрополитена. Этап 1 | E6: Линия метрополитена | G6: 55.770735 | H6: 37.500111 | I6: https://yandex.ru/maps/213/moscow/?ll=37.500135%2C55.771035&mode=whatshere&whatshere%5Bpoint%5D=37.500111%2C55.770735&whatshere%5Bzoom%5D=19.26&z=19.26 | J6: https://pa.sgnl.pro/public/album/r8qor | K6: C:\Users\tsemb\Desktop\test_photo\OBJ_002.png | L6: Да
A7: OBJ_003 | B7: Пл.13 РАЛ | C7: 22 | D7: Рублёво-Архангельская линия метрополитена. Этап 1 | E7: Линия метрополитена | G7: 55.78284 | H7: 37.481804 | I7: https://yandex.ru/maps/213/moscow/?ll=37.482005%2C55.782882&mode=whatshere&whatshere%5Bpoint%5D=37.481804%2C55.782840&whatshere%5Bzoom%5D=20.31&z=20.31 | J7: https://pa.sgnl.pro/public/album/rmyqr | K7: C:\Users\tsemb\Desktop\test_photo\OBJ_003.png | L7: Да
A8: OBJ_004 | B8: Пл.14 РАЛ | C8: 16 | D8: Рублёво-Архангельская линия метрополитена. Этап 1 | E8: Линия метрополитена | G8: 55.783037 | H8: 37.480585 | I8: https://yandex.ru/maps/213/moscow/?ll=37.480209%2C55.782987&mode=whatshere&whatshere%5Bpoint%5D=37.480585%2C55.783037&whatshere%5Bzoom%5D=19.11&z=19.11 | J8: https://pa.sgnl.pro/public/album/bxpdr | K8: C:\Users\tsemb\Desktop\test_photo\OBJ_004.png | L8: Да
A9: OBJ_005 | B9: ст. Бульвар Генерала Карбышева | C9: 200 | D9: Рублёво-Архангельская линия метрополитена. Этап 1 | E9: Линия метрополитена | G9: 55.785665 | H9: 37.464199 | I9: https://yandex.ru/maps/213/moscow/?ll=37.464615%2C55.785575&mode=whatshere&whatshere%5Bpoint%5D=37.464199%2C55.785665&whatshere%5Bzoom%5D=19.74&z=19.74 | J9: https://pa.sgnl.pro/public/album/b3gvr | K9: C:\Users\tsemb\Desktop\test_photo\OBJ_005.png | L9: Да
A10: OBJ_006 | B10: ст. Живописная | C10: 364 | D10: Рублёво-Архангельская линия метрополитена. Этап 1 | E10: Линия метрополитена | G10: 55.789194 | H10: 37.451494 | I10: https://yandex.ru/maps/213/moscow/?display-text=%D1%81%D1%82%D0%B0%D0%BD%D1%86%D0%B8%D1%8F%20%D0%B6%D0%B8%D0%B2%D0%BE%D0%BF%D0%B8%D1%81%D0%BD%D0%B0%D1%8F&filter=alternate_vertical%3AWhatWhere&ll=37.451541%2C55.789554&mode=search&sctx=ZAAAAAgCEAAaKAoSCY4j1uJTxEJAES49murJ5EtAEhIJWHIVi98Uuj8RVUyln3B2oz8iBgABAgMEBSgKOABAvZIHSAFqAnJ1nQHNzMw9oAEAqAEAvQFDuQMQggIj0YHRgtCw0L3RhtC40Y8g0LbQuNCy0L7Qv9C40YHQvdCw0Y%2BKAgCSAgMyMTOaAgxkZXNrdG9wLW1hcHM%3D&sll=37.451541%2C55.789554&sspn=0.003184%2C0.001188&text=%D1%81%D1%82%D0%B0%D0%BD%D1%86%D0%B8%D1%8F%20%D0%B6%D0%B8%D0%B2%D0%BE%D0%BF%D0%B8%D1%81%D0%BD%D0%B0%D1%8F&whatshere%5Bpoint%5D=37.451494%2C55.789194&whatshere%5Bzoom%5D=19&z=19 | J10: https://pa.sgnl.pro/public/album/bqggg | K10: C:\Users\tsemb\Desktop\test_photo\OBJ_006.png | L10: Да
A11: OBJ_007 | B11: ст. Звенигородская | C11: 366 | D11: Рублёво-Архангельская линия метрополитена. Этап 1 | E11: Линия метрополитена | G11: 55.765043 | H11: 37.511278 | I11: https://yandex.ru/maps/213/moscow/?ll=37.511946%2C55.765042&mode=whatshere&whatshere%5Bpoint%5D=37.511278%2C55.765043&whatshere%5Bzoom%5D=18.97&z=18.97 | J11: https://pa.sgnl.pro/public/album/a418a | K11: C:\Users\tsemb\Desktop\test_photo\OBJ_007.png | L11: Да
A12: OBJ_008 | B12: ст. Карамышевская | C12: 445 | D12: Рублёво-Архангельская линия метрополитена. Этап 1 | E12: Линия метрополитена | G12: 55.775786 | H12: 37.488061 | I12: https://yandex.ru/maps/213/moscow/?ll=37.488031%2C55.775786&mode=whatshere&whatshere%5Bpoint%5D=37.488061%2C55.775786&whatshere%5Bzoom%5D=20.55&z=20.55 | J12: https://pa.sgnl.pro/public/album/rzeyr | K12: C:\Users\tsemb\Desktop\test_photo\OBJ_008.png | L12: Да
A13: OBJ_009 | B13: ст. Липовая Роща | C13: 350 | D13: Рублёво-Архангельская линия метрополитена. Этап 1 | E13: Линия метрополитена | G13: 55.795765 | H13: 37.377671 | I13: https://yandex.ru/maps/213/moscow/?display-text=%D1%81%D1%82%D0%B0%D0%BD%D1%86%D0%B8%D1%8F%20%D0%B6%D0%B8%D0%B2%D0%BE%D0%BF%D0%B8%D1%81%D0%BD%D0%B0%D1%8F&filter=alternate_vertical%3AWhatWhere&ll=37.376657%2C55.794381&mode=search&sctx=ZAAAAAgCEAAaKAoSCY4j1uJTxEJAES49murJ5EtAEhIJWHIVi98Uuj8RVUyln3B2oz8iBgABAgMEBSgKOABAvJIHSAFqAnJ1nQHNzMw9oAEAqAEAvQFDuQMQggIj0YHRgtCw0L3RhtC40Y8g0LbQuNCy0L7Qv9C40YHQvdCw0Y%2BKAgCSAgMyMTOaAgxkZXNrdG9wLW1hcHM%3D&sll=37.376657%2C55.794381&sspn=0.012735%2C0.004751&text=%D1%81%D1%82%D0%B0%D0%BD%D1%86%D0%B8%D1%8F%20%D0%B6%D0%B8%D0%B2%D0%BE%D0%BF%D0%B8%D1%81%D0%BD%D0%B0%D1%8F&whatshere%5Bpoint%5D=37.377671%2C55.795765&whatshere%5Bzoom%5D=17&z=17 | J13: https://pa.sgnl.pro/public/album/bdmm6 | K13: C:\Users\tsemb\Desktop\test_photo\OBJ_009.png | L13: Да
A14: OBJ_010 | B14: ст. Строгино | C14: 334 | D14: Рублёво-Архангельская линия метрополитена. Этап 1 | E14: Линия метрополитена | G14: 55.803678 | H14: 37.403089 | I14: https://yandex.ru/maps/213/moscow/?display-text=%D1%81%D1%82%D0%B0%D0%BD%D1%86%D0%B8%D1%8F%20%D0%B6%D0%B8%D0%B2%D0%BE%D0%BF%D0%B8%D1%81%D0%BD%D0%B0%D1%8F&filter=alternate_vertical%3AWhatWhere&ll=37.403279%2C55.803599&mode=search&sctx=ZAAAAAgCEAAaKAoSCY4j1uJTxEJAES49murJ5EtAEhIJWHIVi98Uuj8RVUyln3B2oz8iBgABAgMEBSgKOABAvJIHSAFqAnJ1nQHNzMw9oAEAqAEAvQFDuQMQggIj0YHRgtCw0L3RhtC40Y8g0LbQuNCy0L7Qv9C40YHQvdCw0Y%2BKAgCSAgMyMTOaAgxkZXNrdG9wLW1hcHM%3D&sll=37.403279%2C55.803599&sspn=0.003184%2C0.001187&text=%D1%81%D1%82%D0%B0%D0%BD%D1%86%D0%B8%D1%8F%20%D0%B6%D0%B8%D0%B2%D0%BE%D0%BF%D0%B8%D1%81%D0%BD%D0%B0%D1%8F&whatshere%5Bpoint%5D=37.403089%2C55.803678&whatshere%5Bzoom%5D=19&z=19 | J14: https://pa.sgnl.pro/public/album/b2eew | K14: C:\Users\tsemb\Desktop\test_photo\OBJ_010.png | L14: Да
A15: OBJ_011 | B15: ст. ЗИЛ | C15: 194 | D15: Бирюлёвская линия метрополитена | E15: Линия метрополитена | G15: 55.698813 | H15: 37.646635 | I15: https://yandex.ru/maps/213/moscow/?ll=37.646763%2C55.698830&mode=whatshere&whatshere%5Bpoint%5D=37.646635%2C55.698813&whatshere%5Bzoom%5D=20.3&z=20.3 | J15: https://pa.sgnl.pro/public/album/r866l | K15: C:\Users\tsemb\Desktop\test_photo\OBJ_011.png | L15: Да
A16: OBJ_012 | B16: ст. Остров мечты | C16: 355 | D16: Бирюлёвская линия метрополитена | E16: Линия метрополитена | G16: 55.692665 | H16: 37.666723 | I16: https://yandex.ru/maps/213/moscow/?ll=37.666834%2C55.692642&mode=whatshere&whatshere%5Bpoint%5D=37.666723%2C55.692665&whatshere%5Bzoom%5D=20.7&z=20.7 | J16: https://pa.sgnl.pro/public/album/rm11v | K16: C:\Users\tsemb\Desktop\test_photo\OBJ_012.png | L16: Да
... A21: OBJ_017 | B21: Ситуационный центр | C21: 151 | D21: Другие объекты | E21: Другой объект | G21: 55.770785 | H21: 37.591084 | I21: https://yandex.ru/maps/213/moscow/?l=stv%2Csta&ll=37.591481%2C55.770942&mode=whatshere&whatshere%5Bpoint%5D=37.591084%2C55.770785&whatshere%5Bzoom%5D=20&z=20 | J21: https://pa.sgnl.pro/public/album/rlww8 | K21: C:\Users\tsemb\Desktop\test_photo\OBJ_017.png | L21: Да
A22: OBJ_018 | B22: ст. Новорижская | C22: 526 | D22: Рублёво-Архангельская линия метрополитена. Этап 2 | E22: Линия метрополитена | F22: между Ильинским шоссе и 23-м км Новорижского шоссе | G22: 55.8005 | H22: 37.288 | I22: https://yandex.ru/maps/?ll=37.288000%2C55.800500&z=16&pt=37.288000%2C55.800500,pm2rdm | J22: https://pa.sgnl.pro/public/album/rpvvx | L22: Да
A23: OBJ_019 | B23: ст. СберСити | C23: 602 | D23: Рублёво-Архангельская линия метрополитена. Этап 2 | E23: Линия метрополитена | F23: Москва, микрорайон Рублёво-Архангельское | G23: 55.794767 | H23: 37.330129 | I23: https://yandex.ru/maps/213/moscow/?ll=37.333132%2C55.794514&mode=whatshere&pt=37.336449%2C55.790530%2Cpm2rdm&whatshere%5Bpoint%5D=37.330129%2C55.794767&whatshere%5Bzoom%5D=17.2&z=17.2 | J23: https://pa.sgnl.pro/public/album/r9993 | L23: Да
A24: =IF(B24="","","OBJ_"&TEXT(ROW()-4,"000")) | L24: Да

Sheet Справочники
A1: Справочники | B1: Справочники | C1: Справочники | D1: Справочники | E1: Справочники | F1: Справочники | G1: Справочники | H1: Справочники | I1: Справочники | J1: Справочники | K1: Справочники
A2: Списки используются в выпадающих полях календаря и карточек объектов. Добавляйте новые значения в соответствующий столбец. | B2: Списки используются в выпадающих полях календаря и карточек объектов. Добавляйте новые значения в соответствующий столбец. | C2: Списки используются в выпадающих полях календаря и карточек объектов. Добавляйте новые значения в соответствующий столбец. | D2: Списки используются в выпадающих полях календаря и карточек объектов. Добавляйте новые значения в соответствующий столбец. | E2: Списки используются в выпадающих полях календаря и карточек объектов. Добавляйте новые значения в соответствующий столбец. | F2: Списки используются в выпадающих полях календаря и карточек объектов. Добавляйте новые значения в соответствующий столбец. | G2: Списки используются в выпадающих полях календаря и карточек объектов. Добавляйте новые значения в соответствующий столбец. | H2: Списки используются в выпадающих полях календаря и карточек объектов. Добавляйте новые значения в соответствующий столбец. | I2: Списки используются в выпадающих полях календаря и карточек объектов. Добавляйте новые значения в соответствующий столбец. | J2: Списки используются в выпадающих полях календаря и карточек объектов. Добавляйте новые значения в соответствующий столбец. | K2: Списки используются в выпадающих полях календаря и карточек объектов. Добавляйте новые значения в соответствующий столбец.
A4: Статусы | C4: Сотрудники | E4: Активность | G4: Виды работ | H4: Значок на карте | I4: Типы объектов | K4: Группы объектов
A5: Запланирован | C5: Сафонов М.С. | E5: Да | G5: Фотопанорамная съёмка | H5: Панорамная камера | I5: Линия метрополитена | K5: Рублёво-Архангельская линия метрополитена. Этап 1
A6: Выполнен | C6: Струков Д.М. | E6: Да | G6: Лазерное сканирование | H6: Лазерный сканер | I6: Другой объект | K6: Рублёво-Архангельская линия метрополитена. Этап 2
A7: Перенесён | K7: Бирюлёвская линия метрополитена
A8: Отменён | K8: Другие объекты
A9: Требует подтверждения
A10: Завершено
